location,off_time,horse_name,jockey,trainer,trainer_win_pct,trainer_runs,age,distance_f,race_class,field_size,form_string,odds,status,going,distance,cd_winner,rp_or,rp_rpr,rp_ts,implied_prob,log_bsp,rpr_vs_or,has_rpr,has_or,market_implied_prob,parsed_form_score,norm_trainer,norm_rpr_delta,norm_rpr,market_pct,ai_pct,blended_win_pct,win_probability,place_probability,ai_fair_odds,win_ev,place_ev,win_percentage,place_percentage
Beverley,2:15,Ard As A Rock,Joanna Mason,David Evans,0.06666666666666667,10.0,2.0,5.0,Class 5,12,59,2.466666666666667,Active,Good To Firm,0m5f0y,0.0,0.0,0.0,0.0,0.3378378378378378,1.085189268335969,0.0,0,0,0.4054054054054054,0.4571428571428572,0.41666666666666674,1.0,0.5,40.54054054054054,7.685105357324954,17.541735912289628,0.19975984242398917,0.5394716533327762,5.01,-0.51,-0.3,20.0,53.9
Beverley,2:15,Mubehir,David Nolan,Paul Midgley,0.0,16.0,2.0,5.0,Class 5,12,07,166.66666666666666,Active,Good To Firm,0m5f0y,0.0,0.0,0.0,0.0,0.005,5.298317366548036,0.0,0,0,0.006,0.5,0.0,1.0,0.5,0.6,6.229663208832772,0.8999999999999999,0.01024892057892827,0.1225476252736422,97.57,0.71,3.18,1.0,12.3
Beverley,2:15,Taj Mahal Palace,Ben Robinson,Brian Ellison,0.09904761904761905,16.0,2.0,5.0,Class 5,12,,20.0,Active,Good To Firm,0m5f0y,0.0,0.0,0.0,0.0,0.0416666666666666,3.1780538303479458,0.0,0,0,0.05,0.5,0.6190476190476192,1.0,0.5,5.0,8.63994956939307,7.5,0.08540767149106891,0.2878968772803516,11.71,0.71,0.38,8.5,28.8
Beverley,2:15,True Charm,Warren Fentiman(3),Lemos De Souza,0.1,5.0,2.0,5.0,Class 5,12,205,5.833333333333334,Active,Good To Firm,0m5f0y,0.0,70.0,0.0,0.0,0.1428571428571428,1.9459101490553128,-70.0,0,1,0.1714285714285714,0.5111111111111112,0.6250000000000001,0.0,0.5,17.14285714285714,5.591555345428026,9.05694588465676,0.10313768784388708,0.32690291325655163,9.7,-0.4,-0.36,10.3,32.7
Beverley,2:15,Classy Jaguar,Dougie Costello,Tony Coyle & Kaine Wood,0.08166666666666668,7.0,2.0,5.0,Class 5,12,7,116.66666666666669,Active,Good To Firm,0m5f0y,0.0,0.0,0.0,0.0,0.0071428571428571,4.941642422609304,0.0,0,0,0.00857142857142857,0.5,0.5104166666666669,1.0,0.5,0.857142857142857,8.216990664775519,1.2857142857142856,0.01464131511275467,0.1322108932480603,68.3,0.71,2.19,1.5,13.2
Beverley,2:15,Desert Outlaw,Mark Winn,Paul Midgley,0.0,16.0,2.0,5.0,Class 5,12,96,166.66666666666666,Active,Good To Firm,0m5f0y,0.0,0.0,0.0,0.0,0.005,5.298317366548036,0.0,0,0,0.006,0.44285714285714295,0.0,1.0,0.5,0.6,6.0071752370887435,0.8999999999999999,0.01024892057892827,0.1225476252736422,97.57,0.71,3.18,1.0,12.3
Beverley,2:15,Lexington Boom,Oliver Stammers,Grant Tuer,0.0,4.0,2.0,5.0,Class 5,12,22,3.5833333333333335,Active,Good To Firm,0m5f0y,0.0,68.0,0.0,0.0,0.2325581395348837,1.4586150226995167,-68.0,0,1,0.27906976744186046,0.75,0.0,0.02857142857142857,0.5,27.906976744186046,4.177211669494118,11.296141191901695,0.1286369488046229,0.38300128737017036,7.77,-0.54,-0.42,12.9,38.3
Beverley,2:15,Mugheer,Clifford Lee,K. R. Burke,0.15999999999999998,40.0,2.0,5.0,Class 5,12,,18.75,Active,Good To Firm,0m5f0y,0.0,0.0,0.0,0.0,0.0444444444444444,3.1135153092103742,0.0,0,0,0.05333333333333334,0.5,1.0,1.0,0.5,5.333333333333334,10.123202714353251,8.0,0.09110151625714018,0.3004233357657084,10.98,0.71,0.37,9.1,30.0
Beverley,2:15,Spectacular Diver,David Allan,Tim Easterby,0.0651388888888889,67.0,2.0,5.0,Class 5,12,256,17.500000000000004,Active,Good To Firm,0m5f0y,0.0,65.0,0.0,0.0,0.0476190476190476,3.044522437723423,-65.0,0,1,0.057142857142857134,0.47777777777777786,0.4071180555555557,0.07142857142857142,0.5,5.7142857142857135,4.835926708753974,5.099434410413496,0.05807077585531314,0.22775570688168892,17.22,0.02,-0.02,5.8,22.8
Beverley,2:15,Scottys Rocket,Cam Hardie,Brian Ellison,0.09904761904761905,16.0,2.0,5.0,Class 5,12,9,22.916666666666668,Active,Good To Firm,0m5f0y,0.0,0.0,0.0,0.0,0.0363636363636363,3.3141860046725258,0.0,0,0,0.04363636363636363,0.5,0.6190476190476192,1.0,0.5,4.363636363636363,8.63994956939307,6.545454545454545,0.07453760421038741,0.2639827292628523,13.42,0.71,0.42,7.5,26.4
Beverley,2:15,Ubettabequeen,Sean Kirrane,Tim Easterby,0.0651388888888889,67.0,2.0,5.0,Class 5,12,,25.0,Active,Good To Firm,0m5f0y,0.0,0.0,0.0,0.0,0.0333333333333333,3.4011973816621555,0.0,0,0,0.04,0.5,0.4071180555555557,1.0,0.5,4.0,7.814793441549009,6.0,0.06832613719285513,0.2503175018242813,14.64,0.71,0.45,6.8,25.0
Beverley,2:15,Needin' U,Billy Garritty,Michael & David Easterby,0.10678571428571429,23.0,2.0,5.0,Class 5,12,04,27.083333333333332,Active,Good To Firm,0m5f0y,0.0,0.0,0.0,0.0,0.0307692307692307,3.481240089335692,0.0,0,0,0.036923076923076927,0.44285714285714295,0.6674107142857144,1.0,0.5,3.6923076923076925,8.605765219567816,5.538461538461538,0.06307028048571243,0.23875461706856738,15.86,0.71,0.48,6.3,23.9
Beverley,2:15,One More Tilda,Tom Eaves,Ivan Furtado,0.04000000000000001,20.0,2.0,5.0,Class 5,12,,79.16666666666667,Active,Good To Firm,0m5f0y,0.0,0.0,0.0,0.0,0.0105263157894736,4.553876891600541,0.0,0,0,0.01263157894736842,0.5,0.2500000000000001,1.0,0.5,1.263157894736842,7.2030480852128935,1.894736842105263,0.021576674903006885,0.14746868478661515,46.35,0.71,1.45,2.2,14.7
Beverley,2:15,Tiggywinkle,Jason Hart,Ollie Pears,0.0,5.0,2.0,5.0,Class 5,12,0,15.833333333333336,Active,Good To Firm,0m5f0y,0.0,0.0,0.0,0.0,0.0526315789473684,2.9444389791664403,0.0,0,0,0.0631578947368421,0.5,0.0,1.0,0.5,6.31578947368421,6.229663208832772,6.255501088288203,0.07123570426140573,0.25671854937509264,14.04,0.13,0.02,7.1,25.7
Beverley,2:45,Coco Nova,Oisin Orr,Hugo Palmer,0.052307692307692305,34.0,2.0,7.5,Class 4,12,4,1.6666666666666667,Active,Good To Firm,0m7f75y,0.0,0.0,0.0,0.0,0.5,0.6931471805599453,0.0,0,0,0.6,0.4,0.29903671645958396,1.0,0.5,60.0,7.096599812018749,22.967619868413124,0.2717295196568589,0.6978049432450896,3.68,-0.55,-0.21,27.2,69.8
Beverley,2:45,Empire Rising,Sam James,Charlie Clover,0.08166666666666668,7.0,2.0,7.5,Class 4,12,0444,6.5,Active,Good To Firm,0m7f75y,0.0,68.0,0.0,0.0,0.1282051282051282,2.0541237336955462,-68.0,0,1,0.15384615384615385,0.41000000000000003,0.46687840290381133,0.0,0.5,15.384615384615385,4.6423927740908555,7.865059557248214,0.09305138572512023,0.3047130485952645,10.75,-0.4,-0.36,9.3,30.5
Beverley,2:45,Quintillion,Andrew Mullen,Charlie Johnston,0.12571428571428572,44.0,2.0,7.5,Class 4,12,,13.75,Active,Good To Firm,0m7f75y,0.0,0.0,0.0,0.0,0.0606060606060606,2.803360380906535,0.0,0,0,0.07272727272727272,0.5,0.7186932849364792,1.0,0.5,7.2727272727272725,9.146471653114267,8.584348338998169,0.10156127905665709,0.3234348139246456,9.85,0.4,0.15,10.2,32.3
Beverley,2:45,You Got Know How,Daniel Tudhope,David O'Meara,0.17492063492063492,58.0,2.0,7.5,Class 4,12,,7.0,Active,Good To Firm,0m7f75y,0.0,0.0,0.0,0.0,0.119047619047619,2.128231705849268,0.0,0,0,0.14285714285714285,0.5,1.0,1.0,0.5,14.285714285714285,10.256132819545629,11.465007259396225,0.13564230570284966,0.39841307254626923,7.37,-0.05,-0.12,13.6,39.8
Beverley,2:45,Diplomacy,Billy Garritty,Michael & David Easterby,0.10678571428571429,23.0,2.0,7.5,Class 4,12,6,66.66666666666667,Active,Good To Firm,0m7f75y,0.0,0.0,0.0,0.0,0.0125,4.382026634673881,0.0,0,0,0.015,0.4,0.610480943738657,1.0,0.5,1.5,8.325143412347566,2.25,0.02661971169545374,0.15856336572999824,37.57,0.77,1.24,2.7,15.9
Beverley,2:45,Real Edition,Tom Eaves,Craig Lidster,0.0,8.0,2.0,7.5,Class 4,12,74,6.5,Active,Good To Firm,0m7f75y,0.0,0.0,0.0,0.0,0.1282051282051282,2.0541237336955462,0.0,0,0,0.15384615384615385,0.44285714285714295,0.0,1.0,0.5,15.384615384615385,6.086056837972132,8.875624401965107,0.10500736119886452,0.331016194637502,9.52,-0.32,-0.3,10.5,33.1
Beverley,2:45,Astral Calling,Clifford Lee,K. R. Burke,0.15999999999999998,40.0,2.0,7.5,Class 4,12,67,24.166666666666668,Active,Good To Firm,0m7f75y,0.0,0.0,0.0,0.0,0.0344827586206896,3.367295829986474,0.0,0,0,0.041379310344827586,0.4571428571428572,0.9147005444646097,1.0,0.5,4.137931034482759,9.750597783078328,6.206896551724139,0.07343368743573446,0.2615541123586158,13.62,0.77,0.47,7.3,26.2
Beverley,2:45,Cowgirl,Jason Hart,John & Sean Quinn,0.04571428571428571,16.0,2.0,7.5,Class 4,12,,18.75,Active,Good To Firm,0m7f75y,0.0,0.0,0.0,0.0,0.0444444444444444,3.1135153092103742,0.0,0,0,0.05333333333333334,0.5,0.2613430127041742,1.0,0.5,5.333333333333334,7.342377369625855,6.739664158738098,0.07973685192435152,0.27542107423357337,12.54,0.5,0.25,8.0,27.5
Beverley,2:45,Hair Raising,David Allan,Tim Easterby,0.0651388888888889,67.0,2.0,7.5,Class 4,12,3,66.66666666666667,Active,Good To Firm,0m7f75y,0.0,0.0,0.0,0.0,0.0125,4.382026634673881,0.0,0,0,0.015,0.75,0.37239110707803996,1.0,0.5,1.5,8.766591681219012,2.25,0.02661971169545374,0.15856336572999824,37.57,0.77,1.24,2.7,15.9
Beverley,2:45,Loveulongtime,William Pyle,Geoffrey Harker,0.0,2.0,2.0,7.5,Class 4,12,704,833.3333333333334,Active,Good To Firm,0m7f75y,0.0,0.0,0.0,0.0,0.001,6.907755278982137,0.0,0,0,0.0012,0.4555555555555556,0.0,1.0,0.5,0.12,6.136147840753796,0.18,0.002129576935636299,0.10468506925839986,469.58,0.77,16.53,0.2,10.5
Beverley,2:45,Be More Ruthless,Jack Nicholls(3),Adrian Nicholls,0.06666666666666667,10.0,2.0,7.5,Class 4,12,00,183.33333333333334,Active,Good To Firm,0m7f75y,0.0,0.0,0.0,0.0,0.0045454545454545,5.393627546352362,0.0,0,0,0.005454545454545454,0.5,0.3811252268602541,1.0,0.5,0.5454545454545454,7.814878253396628,0.8181818181818181,0.009679895161983178,0.12129576935636299,103.31,0.77,3.54,1.0,12.1
Beverley,2:45,Black Fury,Cam Hardie,Ollie Pears,0.0,5.0,2.0,7.5,Class 4,12,46,58.33333333333334,Active,Good To Firm,0m7f75y,0.0,0.0,0.0,0.0,0.0142857142857142,4.248495242049359,0.0,0,0,0.01714285714285714,0.4000000000000001,0.0,1.0,0.5,1.714285714285714,5.916999703584018,2.571428571428571,0.03042252765194713,0.1669295608342837,32.87,0.77,1.08,3.0,16.7
Beverley,2:45,High On Honey,Joanna Mason,Michael & David Easterby,0.10678571428571429,23.0,2.0,7.5,Class 4,12,,40.0,Active,Good To Firm,0m7f75y,0.0,0.0,0.0,0.0,0.0208333333333333,3.871201010907891,0.0,0,0,0.025,0.5,0.610480943738657,1.0,0.5,2.5,8.719610059253169,3.75,0.04436618615908957,0.19760560954999706,22.54,0.77,0.74,4.4,19.8
Beverley,3:15,The New Bay Pearl,Tom Eaves,Simon Whitaker,0.0,6.0,4.0,7.5,Class 6,13,-07444,4.583333333333334,Active,Good To Firm,0m7f75y,0.0,54.0,0.0,0.0,0.1818181818181818,1.7047480922384253,-54.0,0,1,0.21818181818181814,0.41000000000000003,0.0,0.1,0.5,21.818181818181813,3.3984571625593962,8.924374559246122,0.09171719644704161,0.3017778321834916,10.9,-0.58,-0.48,9.2,30.2
Beverley,3:15,Sir David,Alex Jary(3),Nigel Tinkler,0.11941176470588236,29.0,4.0,7.5,Class 6,13,008293,9.166666666666668,Active,Good To Firm,0m7f75y,0.0,54.0,0.0,0.0,0.0909090909090909,2.3978952727983707,-54.0,0,1,0.10909090909090907,0.65,0.6607765635898628,0.1,0.5,10.909090909090907,7.2734578769867495,8.364147786617997,0.08595965807626682,0.289111247767787,11.63,-0.21,-0.24,8.6,28.9
Beverley,3:15,King Sharja,James Sullivan,Ruth Carr,0.18071428571428572,23.0,6.0,7.5,Class 6,13,022405,5.333333333333333,Active,Good To Firm,0m7f75y,0.0,53.0,0.0,0.0,0.15625,1.8562979903656265,-53.0,0,1,0.1875,0.4650000000000001,1.0,0.2,0.5,18.75,8.281050680920048,11.421735476644034,0.11738296611409794,0.35824252545101554,8.52,-0.37,-0.33,11.7,35.8
Beverley,3:15,Mickey Mongoose,Duran Fentiman,Olly Williams,0.0,1.0,6.0,7.5,Class 6,13,558140,36.66666666666667,Active,Good To Firm,0m7f75y,0.0,51.0,0.0,0.0,0.0227272727272727,3.784189633918261,-51.0,0,1,0.027272727272727268,0.5700000000000001,0.0,0.4,0.5,2.7272727272727266,5.11919496638694,4.09090909090909,0.042042914071682876,0.19249441095770234,23.79,0.54,0.57,4.2,19.2
Beverley,3:15,Willowinghurn,Daniel Tudhope,David O'Meara,0.17492063492063492,58.0,3.0,7.5,Class 6,13,785056,6.0,Active,Good To Firm,0m7f75y,0.0,55.0,0.0,0.0,0.1388888888888889,1.9740810260220096,-55.0,0,1,0.16666666666666666,0.42000000000000004,0.9679402722880983,0.0,0.5,16.666666666666664,7.261256592822715,10.082879614975898,0.10362333452718003,0.3279713359597961,9.65,-0.38,-0.34,10.4,32.8
Beverley,3:15,Dabbling,Harry Russell,Ollie Pears,0.0,5.0,3.0,7.5,Class 6,13,675436,17.500000000000004,Active,Good To Firm,0m7f75y,0.0,54.0,0.0,0.0,0.0476190476190476,3.044522437723423,-54.0,0,1,0.057142857142857134,0.505,0.0,0.1,0.5,5.7142857142857135,3.8071323909684374,4.37927838796362,0.045006530546054586,0.1990143672013201,22.22,-0.21,-0.14,4.5,19.9
Beverley,3:15,Mister Sky Blue,Conor Whiteley(5),Gemma Tutty,0.09272727272727273,17.0,4.0,7.5,Class 6,13,729543,7.5,Active,Good To Firm,0m7f75y,0.0,47.0,0.0,0.0,0.1111111111111111,2.19722457733622,-47.0,0,1,0.13333333333333333,0.55,0.5131153431548688,0.8,0.5,13.333333333333334,8.617090740983906,10.031963518688734,0.1031000618233637,0.32682013601140014,9.7,-0.23,-0.25,10.3,32.7
Beverley,3:15,Bantz,Sean Kirrane,Alan Brown,0.0,7.0,4.0,7.5,Class 6,13,0-0797,24.166666666666668,Active,Good To Firm,0m7f75y,0.0,46.0,0.0,0.0,0.0344827586206896,3.367295829986474,-46.0,0,1,0.041379310344827586,0.5,0.0,0.9,0.5,4.137931034482759,6.538803654544663,5.818541868526091,0.059798066973561055,0.23155574734183434,16.72,0.45,0.3,6.0,23.2
Beverley,3:15,Alice's Influence,Clifford Lee,David Evans,0.06666666666666667,10.0,3.0,7.5,Class 6,13,123434,20.833333333333332,Active,Good To Firm,0m7f75y,0.0,51.0,0.0,0.0,0.04,3.218875824868201,-51.0,0,1,0.048,0.54,0.3689064558629776,0.4,0.5,4.8,6.577117842798528,6.043982489958969,0.06211495558304688,0.23665290228270316,16.1,0.29,0.18,6.2,23.7
Beverley,3:15,Elettaria,Cam Hardie,John Wainwright,0.12375,3.0,7.0,7.5,Class 6,13,587345,10.416666666666666,Active,Good To Firm,0m7f75y,0.0,45.0,0.0,0.0,0.08,2.525728644308256,-45.0,0,1,0.096,0.48000000000000004,0.6847826086956521,1.0,0.5,9.6,9.74274263058442,9.699919841409095,0.09968759689645153,0.3193127131721934,10.03,0.04,-0.08,10.0,31.9
Beverley,3:15,Furrst Lady,Oisin McSweeney,Roger Fell,0.09904761904761905,16.0,4.0,7.5,Class 6,13,87-089,41.666666666666664,Active,Good To Firm,0m7f75y,0.0,45.0,0.0,0.0,0.02,3.912023005428146,-45.0,0,1,0.024,0.5,0.5480895915678524,1.0,0.5,2.4,9.240747415548173,3.5999999999999996,0.03699776438308093,0.18139508164277807,27.03,0.54,0.66,3.7,18.1
Beverley,3:15,Ryefield,Alistair Rawlinson,Lawrence Mullaney,0.15384615384615385,8.0,3.0,7.5,Class 6,13,95-880,83.33333333333333,Active,Good To Firm,0m7f75y,0.0,50.0,0.0,0.0,0.01,4.605170185988092,-50.0,0,1,0.012,0.49000000000000005,0.8513225904530253,0.5,0.5,1.2,8.781452377999221,1.7999999999999998,0.018498882191540465,0.14069754082138902,54.06,0.54,1.46,1.8,14.1
Beverley,3:15,Power Of Chora,Jack Nicholls(3),Jessica Macey,0.0,3.0,3.0,7.5,Class 6,13,668380,29.16666666666667,Active,Good To Firm,0m7f75y,0.0,47.0,0.0,0.0,0.0285714285714285,3.555348061489413,-47.0,0,1,0.03428571428571428,0.55,0.0,0.8,0.5,3.428571428571428,6.409748319257597,5.142857142857142,0.052853949118687044,0.2162786880611115,18.92,0.54,0.43,5.3,21.6
Beverley,3:15,Ganthorpe,Joanna Mason,Michael & David Easterby,0.10678571428571429,23.0,3.0,7.5,Class 6,13,571777,18.333333333333336,Active,Good To Firm,0m7f75y,0.0,47.0,0.0,0.0,0.0454545454545454,3.091042453358316,-47.0,0,1,0.054545454545454536,0.55,0.5909090909090909,0.8,0.5,5.454545454545453,8.951747347639193,7.90258677971107,0.08121612324794458,0.2786754711454781,12.31,0.49,0.24,8.1,27.9
Beverley,3:45,Alpha Capture,Conor Whiteley(5),Roger Fell,0.09904761904761905,16.0,6.0,7.5,Class 4,11,621202,2.791666666666667,Active,Good To Firm,0m7f75y,0.0,82.0,0.0,0.0,0.2985074626865671,1.208960345836975,-82.0,0,1,0.3582089552238806,0.7000000000000001,0.7878787878787878,0.0,0.5,35.82089552238806,9.56878012905413,17.444414747054307,0.17741284518036024,0.49030825939679257,5.64,-0.5,-0.33,17.7,49.0
Beverley,3:45,Obelix,Jason Hart,Julie Camacho,0.04695652173913044,18.0,6.0,7.5,Class 4,11,-01550,4.666666666666667,Active,Good To Firm,0m7f75y,0.0,81.0,0.0,0.0,0.1785714285714285,1.7227665977411035,-81.0,0,1,0.21428571428571427,0.5,0.37351778656126483,0.05555555555555555,0.5,21.428571428571427,6.518569867822603,10.99157033604725,0.1117862533420606,0.3459297573525334,8.95,-0.48,-0.4,11.2,34.6
Beverley,3:45,Bell Shot,Mason Paetel(5),Michael Appleby,0.03310344827586207,24.0,7.0,7.5,Class 4,11,638342,11.666666666666668,Active,Good To Firm,0m7f75y,0.0,81.0,0.0,0.0,0.0714285714285714,2.6390573296152584,-81.0,0,1,0.0857142857142857,0.6200000000000001,0.26332288401253917,0.05555555555555555,0.5,8.57142857142857,6.571047039256864,7.171161498908376,0.07293200621614589,0.26045041367552096,13.71,-0.15,-0.18,7.3,26.0
Beverley,3:45,Highland Olly,Alistair Rawlinson,Grant Tuer,0.0,4.0,5.0,7.5,Class 4,11,104217,16.25,Active,Good To Firm,0m7f75y,0.0,78.0,0.0,0.0,0.0512820512820512,2.970414465569701,-78.0,0,1,0.06153846153846154,0.69,0.0,0.2222222222222222,0.5,6.153846153846154,6.24998119050818,6.221140679509572,0.06327012308655681,0.23919427079042502,15.81,0.03,-0.03,6.3,23.9
Beverley,3:45,Glenfinnan,Daniel Tudhope,Michael Dods,0.02571428571428571,30.0,6.0,7.5,Class 4,11,719420,6.333333333333334,Active,Good To Firm,0m7f75y,0.0,78.0,0.0,0.0,0.131578947368421,2.028148247292285,-78.0,0,1,0.15789473684210525,0.5549999999999999,0.2045454545454545,0.2222222222222222,0.5,15.789473684210526,6.622190519256979,9.372375468743043,0.0953187494174372,0.3097012487183619,10.49,-0.4,-0.36,9.5,31.0
Beverley,3:45,Style Of Life,Ethan Tindall(5),Harriet Bethell,0.08166666666666668,7.0,6.0,7.5,Class 4,11,1125-0,16.25,Active,Good To Firm,0m7f75y,0.0,75.0,0.0,0.0,0.0512820512820512,2.970414465569701,-75.0,0,1,0.06153846153846154,0.5700000000000001,0.6496212121212122,0.3888888888888889,0.5,6.153846153846154,9.798133517175668,8.704847308176813,0.08852986759358208,0.2947657087058806,11.3,0.44,0.19,8.9,29.5
Beverley,3:45,Tattie Bogle,Andrew Mullen,Charlie Johnston,0.12571428571428572,44.0,4.0,7.5,Class 4,11,212722,9.166666666666668,Active,Good To Firm,0m7f75y,0.0,74.0,0.0,0.0,0.0909090909090909,2.3978952727983707,-74.0,0,1,0.10909090909090907,0.7000000000000001,1.0,0.4444444444444444,0.5,10.909090909090907,12.607002972290527,12.097629353330639,0.1230350730954877,0.37067716081007296,8.13,0.13,-0.02,12.3,37.1
Beverley,3:45,Flying Fletcher,Cam Hardie,Richard & Peter Fahey,0.08571428571428572,30.0,5.0,7.5,Class 4,11,574376,33.333333333333336,Active,Good To Firm,0m7f75y,0.0,70.0,0.0,0.0,0.025,3.688879454113936,-70.0,0,1,0.03,0.5,0.6818181818181818,0.6666666666666666,0.5,3.0,10.785150484442363,4.5,0.04576581185943387,0.20068478609075452,21.85,0.53,0.5,4.6,20.1
Beverley,3:45,Beyond The Bar,David Allan,Tim Easterby,0.0651388888888889,67.0,3.0,7.5,Class 4,11,-77515,20.833333333333332,Active,Good To Firm,0m7f75y,0.0,75.0,0.0,0.0,0.04,3.218875824868201,-75.0,0,1,0.048,0.5900000000000001,0.5181502525252526,0.3888888888888889,0.5,4.8,9.201537645923166,7.199999999999999,0.07322529897509418,0.2610956577452072,13.66,0.53,0.3,7.3,26.1
Beverley,3:45,Homestrait,Ben Robinson,Brian Ellison,0.09904761904761905,16.0,3.0,7.5,Class 4,11,422314,12.5,Active,Good To Firm,0m7f75y,0.0,71.0,0.0,0.0,0.0666666666666666,2.70805020110221,-71.0,0,1,0.08,0.685,0.7878787878787878,0.6111111111111112,0.5,8.0,12.105047472300313,10.873533230610219,0.1105857946843132,0.34328874830548906,9.04,0.38,0.13,11.1,34.3
Beverley,3:45,Intervention,Joanna Mason,Michael Appleby,0.03310344827586207,24.0,9.0,7.5,Class 4,11,008770,40.0,Active,Good To Firm,0m7f75y,0.0,64.0,0.0,0.0,0.0208333333333333,3.871201010907891,-64.0,0,1,0.025,0.5,0.26332288401253917,1.0,0.5,2.5,9.972559161969214,3.75,0.038138176549528224,0.1839039884089621,26.22,0.53,0.62,3.8,18.4
Beverley,4:15,Bearwith,Tom Kiely-Marshall(5),Harriet Bethell,0.08166666666666668,7.0,8.0,10.0,Class 5,8,024491,10.416666666666666,Active,Good To Firm,1m1f207y,0.0,70.0,0.0,0.0,0.08,2.525728644308256,-70.0,0,1,0.096,0.67,0.6011574074074075,0.0,0.5,9.6,11.596253888393553,10.997377721875488,0.11075081191526759,0.3436517862135887,9.03,0.15,-0.01,11.1,34.4
Beverley,4:15,No Knee Never,Clifford Lee,James Owen,0.13584905660377358,48.0,5.0,10.0,Class 5,8,435030,11.250000000000002,Active,Good To Firm,1m1f207y,0.0,69.0,0.0,0.0,0.074074074074074,2.602689685444384,-69.0,0,1,0.08888888888888888,0.565,1.0,0.045454545454545456,0.5,8.888888888888888,14.033409610953514,12.490053394334126,0.12578303567185686,0.37672267847808516,7.95,0.42,0.15,12.6,37.7
Beverley,4:15,Ciao Capo,Oisin Orr,Richard & Peter Fahey,0.08571428571428572,30.0,3.0,10.0,Class 5,8,1-4116,2.625,Active,Good To Firm,1m1f207y,0.0,70.0,0.0,0.0,0.3174603174603174,1.1474024528375415,-70.0,0,1,0.38095238095238093,0.7000000000000001,0.6309523809523809,0.0,0.5,38.095238095238095,12.037583121994325,19.854879613967455,0.1999516696923804,0.5398936733232369,5.0,-0.48,-0.28,20.0,54.0
Beverley,4:15,Dr Rio,Zak Wheatley,Declan Carroll,0.0,7.0,10.0,10.0,Class 5,8,543875,11.250000000000002,Active,Good To Firm,1m1f207y,0.0,60.0,0.0,0.0,0.074074074074074,2.602689685444384,-60.0,0,1,0.08888888888888888,0.48500000000000004,0.0,0.45454545454545453,0.5,8.888888888888888,8.477749482878206,8.601091304681411,0.08661863486383573,0.2905609967004386,11.54,-0.03,-0.11,8.7,29.1
Beverley,4:15,Princess Niyla,David Nolan,Alan Brown,0.0,7.0,6.0,10.0,Class 5,8,535653,5.333333333333333,Active,Good To Firm,1m1f207y,0.0,60.0,0.0,0.0,0.15625,1.8562979903656265,-60.0,0,1,0.1875,0.54,0.0,0.45454545454545453,0.5,18.75,8.883688417357138,11.843581892149997,0.11927264332581995,0.3623998153168039,8.38,-0.36,-0.32,11.9,36.2
Beverley,4:15,Sunny Orange,Duran Fentiman,Tim Easterby,0.0651388888888889,67.0,6.0,10.0,Class 5,8,444232,6.0,Active,Good To Firm,1m1f207y,0.0,59.0,0.0,0.0,0.1388888888888889,1.9740810260220096,-59.0,0,1,0.16666666666666666,0.7150000000000001,0.47949459876543216,0.5,0.5,16.666666666666664,13.982711250889688,14.787897875622779,0.14892383781521862,0.42763244319348104,6.71,-0.11,-0.14,14.9,42.8
Beverley,4:15,Kitsune Power,David Allan,Tim Easterby,0.0651388888888889,67.0,7.0,10.0,Class 5,8,426013,5.166666666666667,Active,Good To Firm,1m1f207y,0.0,59.0,0.0,0.0,0.1612903225806451,1.824549292051046,-59.0,0,1,0.1935483870967742,0.74,0.47949459876543216,0.5,0.5,19.35483870967742,14.167228948380108,15.723511876769301,0.1583460849078281,0.4483613867972218,6.32,-0.18,-0.18,15.8,44.8
Beverley,4:15,Langton Wold,Cam Hardie,Brian Ellison,0.09904761904761905,16.0,7.0,10.0,Class 5,8,975/57,30.0,Active,Good To Firm,1m1f207y,0.0,48.0,0.0,0.0,0.0277777777777777,3.58351893845611,-48.0,0,1,0.03333333333333333,0.45,0.7291005291005291,1.0,0.5,3.3333333333333335,16.821375279153468,5.0,0.05035328180779272,0.210777219977144,19.86,0.51,0.43,5.0,21.1
Beverley,4:45,Angel Numbers,James Sullivan,Ruth Carr,0.18071428571428572,23.0,3.0,5.0,Class 5,10,277411,7.333333333333334,Active,Good To Firm,0m5f0y,0.0,74.0,0.0,0.0,0.1136363636363636,2.174751721484161,-74.0,0,1,0.13636363636363635,0.8300000000000001,1.0,0.07692307692307693,0.5,13.636363636363635,11.972451105683959,12.471624864887861,0.11907917325945322,0.36197418117079716,8.4,-0.13,-0.18,11.9,36.2
Beverley,4:45,Straight Ahead,Clifford Lee,Craig Lidster,0.0,8.0,3.0,5.0,Class 5,10,11-482,8.0,Active,Good To Firm,0m5f0y,0.0,75.0,0.0,0.0,0.1041666666666666,2.26176309847379,-75.0,0,1,0.125,0.6300000000000001,0.0,0.0,0.5,12.5,5.080622459379399,7.306435721565579,0.06976190629713819,0.253476193853704,14.33,-0.44,-0.39,7.0,25.3
Beverley,4:45,Hanney Girl,David Allan,Tim Easterby,0.0651388888888889,67.0,3.0,5.0,Class 5,10,-75399,4.583333333333334,Active,Good To Firm,0m5f0y,0.0,73.0,0.0,0.0,0.1818181818181818,1.7047480922384253,-73.0,0,1,0.21818181818181814,0.54,0.36045234958278444,0.15384615384615385,0.5,21.818181818181813,7.230486611097839,11.60679517322303,0.11082177249496976,0.34380789948893353,9.02,-0.49,-0.41,11.1,34.4
Beverley,4:45,Qila,Ben Robinson,Brian Ellison,0.09904761904761905,16.0,3.0,5.0,Class 5,10,54-203,5.166666666666667,Active,Good To Firm,0m5f0y,0.0,71.0,0.0,0.0,0.1612903225806451,1.824549292051046,-71.0,0,1,0.1935483870967742,0.6400000000000001,0.5480895915678524,0.3076923076923077,0.5,19.35483870967742,9.474232429806667,12.438414313767893,0.11876207865360194,0.36127657303792426,8.42,-0.39,-0.34,11.9,36.1
Beverley,4:45,Kilfrush Desert,Tom Eaves,Kevin Ryan,0.052307692307692305,34.0,3.0,5.0,Class 5,10,3-22,15.0,Active,Good To Firm,0m5f0y,0.0,70.0,0.0,0.0,0.0555555555555555,2.8903717578961645,-70.0,0,1,0.06666666666666667,0.75,0.28944968075402855,0.38461538461538464,0.5,6.666666666666667,8.998394172351935,8.298875920646353,0.07923773319991027,0.2743230130398026,12.62,0.19,0.04,7.9,27.4
Beverley,4:45,Rumble Ruby,Warren Fentiman(3),Lemos De Souza,0.1,5.0,3.0,5.0,Class 5,10,0314,12.083333333333334,Active,Good To Firm,0m5f0y,0.0,69.0,0.0,0.0,0.0689655172413793,2.6741486494265287,-69.0,0,1,0.08275862068965517,0.66,0.5533596837944664,0.46153846153846156,0.5,8.275862068965518,10.284657352100268,9.682018767159843,0.09244399208332595,0.30337678258331713,10.82,0.12,-0.02,9.2,30.3
Beverley,4:45,Dragon Spin,Dougie Costello,Steph Hollinshead,0.0,8.0,3.0,5.0,Class 5,10,316140,16.666666666666668,Active,Good To Firm,0m5f0y,0.0,68.0,0.0,0.0,0.05,2.995732273553991,-68.0,0,1,0.06,0.56,0.0,0.5384615384615384,0.5,6.0,7.051517358840886,6.73606215118862,0.06431597491727853,0.2414951448180128,15.55,0.07,-0.0,6.4,24.1
Beverley,4:45,Simba's Pride,Mark Winn,Michael Dods,0.02571428571428571,30.0,3.0,5.0,Class 5,10,215434,18.75,Active,Good To Firm,0m5f0y,0.0,68.0,0.0,0.0,0.0444444444444444,3.1135153092103742,-68.0,0,1,0.05333333333333334,0.505,0.14229249011857706,0.5384615384615384,0.5,5.333333333333334,7.528399279089914,6.869879495362939,0.06559366398223077,0.2443060607609077,15.25,0.23,0.11,6.6,24.4
Beverley,4:45,Lamlash Bay,Billy Garritty,Michael & David Easterby,0.10678571428571429,23.0,3.0,5.0,Class 5,10,4-4515,7.833333333333334,Active,Good To Firm,0m5f0y,0.0,66.0,0.0,0.0,0.1063829787234042,2.2407096892759584,-66.0,0,1,0.1276595744680851,0.5800000000000001,0.5909090909090909,0.6923076923076923,0.5,12.76595744680851,11.061308571236268,11.57270323390794,0.1104962623876315,0.3430917772527893,9.05,-0.13,-0.19,11.0,34.3
Beverley,4:45,Black Missile,Ryan Sexton,Julie Camacho,0.04695652173913044,18.0,3.0,5.0,Class 5,10,44-553,9.583333333333334,Active,Good To Firm,0m5f0y,0.0,64.0,0.0,0.0,0.0869565217391304,2.4423470353692043,-64.0,0,1,0.10434782608695652,0.54,0.25983846021653206,0.8461538461538461,0.5,10.434782608695652,9.706510290917162,9.924991986250708,0.0947639023088961,0.30848058507957143,10.55,-0.09,-0.16,9.5,30.8
Beverley,4:45,Under The Radar,Duran Fentiman,Tim Easterby,0.0651388888888889,67.0,3.0,5.0,Class 5,10,566933,19.166666666666668,Active,Good To Firm,0m5f0y,0.0,62.0,0.0,0.0,0.0434782608695652,3.1354942159291497,-62.0,0,1,0.05217391304347826,0.665,0.36045234958278444,1.0,0.5,5.217391304347826,11.611420369495708,7.826086956521739,0.07472354041556385,0.26439178891424053,13.38,0.43,0.23,7.5,26.4
Ffos Las,3:37,Dixie Blue,Darragh Keenan,Rod Millman,0.08608695652173913,18.0,3.0,6.0,Class 4,4,,4.166666666666667,Active,Good,0m6f0y,0.0,0.0,0.0,0.0,0.2,1.6094379124341005,0.0,0,0,0.24,0.5,0.35483387084677115,1.0,0.5,24.0,21.38789235285484,22.171524646998385,0.19418403666257578,0.5272048806576668,5.15,-0.19,-0.06,19.4,52.7
Ffos Las,3:37,Eskimo Pie,Daniel Muscutt,Jane Chapple-Hyam,0.185625,11.0,3.0,6.0,Class 4,4,8-3645,1.3416666666666668,Active,Good,0m6f0y,0.0,80.0,0.0,0.0,0.6211180124223602,0.4762341789963717,-80.0,0,1,0.7453416149068323,0.43500000000000005,0.9386390909772745,0.0,0.5,74.53416149068323,18.311332358818948,35.17818109837823,0.3080997503279507,0.7778194507214916,3.25,-0.59,-0.16,30.8,77.8
Ffos Las,3:37,Livvys Edge,Gina Mangan,Christopher Mason,0.1,5.0,3.0,6.0,Class 4,4,6,14.166666666666666,Active,Good,0m6f0y,0.0,0.0,0.0,0.0,0.0588235294117647,2.833213344056216,0.0,0,0,0.07058823529411765,0.4,0.43643591089777245,1.0,0.5,7.0588235294117645,21.18659975568347,16.948266887801957,0.14843737321211267,0.4265622210666479,6.74,1.1,0.83,14.8,42.7
Ffos Las,3:37,Mollstar,Ashley Lewis(3),Ed Walker,0.19608695652173913,41.0,3.0,6.0,Class 4,4,4437-,3.75,Active,Good,0m6f0y,0.0,67.0,0.0,0.0,0.2222222222222222,1.5040773967762742,-67.0,0,1,0.26666666666666666,0.5449999999999999,1.0,0.1625,0.5,26.666666666666668,21.60853053901242,23.125971377308694,0.20254333183157733,0.5455953300294701,4.94,-0.24,-0.08,20.3,54.6
Ffos Las,3:37,Mystic Veil,Pierre-Louis Jamin,Archie Watson,0.025588235294117644,29.0,3.0,6.0,Class 4,4,,6.666666666666667,Active,Good,0m6f0y,0.0,0.0,0.0,0.0,0.125,2.079441541679836,0.0,0,0,0.15,0.5,0.0,1.0,0.5,15.0,17.505644993630316,16.753951495541223,0.14673550796578333,0.4228181175247233,6.81,-0.02,0.02,14.7,42.3
Ffos Las,4:07,The Coffee Pod,Ryan Kavanagh(3),William Muir & Chris Grassick,0.13333333333333333,25.0,5.0,5.0,Class 6,8,8-8753,1.7333333333333334,Active,Good,0m5f0y,0.0,62.0,0.0,0.0,0.4807692307692307,0.7323678937132266,-62.0,0,1,0.5769230769230769,0.5700000000000001,0.44444444444444436,0.05555555555555555,0.5,57.692307692307686,10.187631306214207,24.439034222042253,0.25095658027816986,0.6521044766119737,3.98,-0.57,-0.25,25.1,65.2
Ffos Las,4:07,Miracleoftheandes,Jack Callan,Warren Greatrex,0.1,5.0,3.0,5.0,Class 6,8,84-25,12.083333333333334,Active,Good,0m5f0y,0.0,63.0,0.0,0.0,0.0689655172413793,2.6741486494265287,-63.0,0,1,0.08275862068965517,0.515,0.3333333333333333,0.0,0.5,8.275862068965518,8.609089905946348,8.509121554852099,0.08737743182383824,0.29223035001244413,11.44,0.06,-0.06,8.7,29.2
Ffos Las,4:07,Portacloy,Daniel Muscutt,Daniel & Claire Kubler,0.30000000000000004,15.0,3.0,5.0,Class 6,8,108-65,8.0,Active,Good,0m5f0y,0.0,63.0,0.0,0.0,0.1041666666666666,2.26176309847379,-63.0,0,1,0.125,0.43000000000000005,1.0,0.0,0.5,12.5,12.969862586897401,12.82890381082818,0.13173588611694262,0.3898189494572738,7.59,0.05,-0.06,13.2,39.0
Ffos Las,4:07,Dark Sun,Laura Coughlan(3),James Bennett,0.0,0.0,5.0,5.0,Class 6,8,744143,6.333333333333334,Active,Good,0m5f0y,0.0,59.0,0.0,0.0,0.131578947368421,2.028148247292285,-59.0,0,1,0.15789473684210525,0.66,0.0,0.2222222222222222,0.5,15.789473684210526,8.529954585088591,10.70781031482517,0.1099550593718708,0.3419011306181158,9.09,-0.3,-0.29,11.0,34.2
Ffos Las,4:07,Sheik Yerbouti,Ashley Lewis(3),Grace Harris,0.0,15.0,5.0,5.0,Class 6,8,803,20.0,Active,Good,0m5f0y,0.0,59.0,0.0,0.0,0.0416666666666666,3.1780538303479458,-59.0,0,1,0.05,0.6111111111111112,0.0,0.2222222222222222,0.5,5.0,8.163433099010566,7.2144031693073964,0.07408238523944748,0.2629812475267845,13.5,0.48,0.26,7.4,26.3
Ffos Las,4:07,Little Jaybee,J F Egan,David Evans,0.06666666666666667,10.0,3.0,5.0,Class 6,8,-89693,13.75,Active,Good,0m5f0y,0.0,60.0,0.0,0.0,0.0606060606060606,2.803360380906535,-60.0,0,1,0.07272727272727272,0.5800000000000001,0.22222222222222218,0.16666666666666666,0.5,7.2727272727272725,9.262997557244642,8.665916471889432,0.08898750838525975,0.29577251844757146,11.24,0.22,0.05,8.9,29.6
Ffos Las,4:07,Happier,Jack Doughty,Martin Keighley,0.14285714285714285,2.0,6.0,5.0,Class 6,8,-04961,6.5,Active,Good,0m5f0y,0.0,55.0,0.0,0.0,0.1282051282051282,2.0541237336955462,-55.0,0,1,0.15384615384615385,0.66,0.4761904761904761,0.4444444444444444,0.5,15.384615384615385,13.432774463794647,14.018326740040868,0.14394968753428505,0.4166893125754272,6.95,-0.06,-0.12,14.4,41.7
Ffos Las,4:07,River Edge,Gina Mangan,Christopher Mason,0.1,5.0,5.0,5.0,Class 6,8,52/344,18.75,Active,Good,0m5f0y,0.0,45.0,0.0,0.0,0.0444444444444444,3.1135153092103742,-45.0,0,1,0.05333333333333334,0.5050000000000001,0.3333333333333333,1.0,0.5,5.333333333333334,14.531743919616257,8.0,0.08214942636377179,0.28072873800029796,12.17,0.54,0.28,8.2,28.1
Ffos Las,4:07,Miss Gold,Tyler Heard,David Flood,0.09272727272727273,6.0,3.0,5.0,Class 6,8,8-099,50.0,Active,Good,0m5f0y,0.0,45.0,0.0,0.0,0.0166666666666666,4.0943445622221,-45.0,0,1,0.02,0.5,0.309090909090909,1.0,0.5,2.0,14.312512576187356,3.0,0.030806034886414424,0.16777327675011175,32.46,0.54,0.81,3.1,16.8
Ffos Las,4:37,Drum Bay,Rhys Clutterbuck,Ralph Beckett,0.13076923076923078,34.0,2.0,7.5,Class 3,6,2,2.833333333333333,Active,Good,0m7f80y,0.0,0.0,0.0,0.0,0.2941176470588235,1.2237754316221157,0.0,0,0,0.35294117647058826,0.75,0.3302994715208456,0.5,0.5,35.294117647058826,14.639011799222038,20.835543553573075,0.2263158563393138,0.5978948839464904,4.42,-0.36,-0.13,22.6,59.8
Ffos Las,4:37,Engraved,Daniel Muscutt,James Fanshawe,0.16000000000000003,20.0,2.0,7.5,Class 3,6,,6.333333333333334,Active,Good,0m7f80y,0.0,0.0,0.0,0.0,0.131578947368421,2.028148247292285,0.0,0,0,0.15789473684210525,0.5,0.48091603053435134,0.5,0.5,15.789473684210526,13.82180357750318,14.412104609515383,0.15654440633946892,0.4443976939468317,6.39,-0.01,0.04,15.7,44.4
Ffos Las,4:37,Grand Havana,Luke Catton(3),Alan King,0.07071428571428572,9.0,2.0,7.5,Class 3,6,,35.00000000000001,Active,Good,0m7f80y,0.0,0.0,0.0,0.0,0.0238095238095238,3.737669618283368,0.0,0,0,0.028571428571428567,0.5,0.020856052344601975,0.5,0.5,2.8571428571428568,10.038831354680319,4.285714285714285,0.046551466061019904,0.2024132253342438,21.48,0.63,0.92,4.7,20.2
Ffos Las,4:37,Narrjoo,Jack Callan,Simon & Ed Crisford,0.2607407407407407,22.0,2.0,7.5,Class 3,6,2,1.5,Active,Good,0m7f80y,0.0,0.0,0.0,0.0,0.5555555555555556,0.5877866649021191,0.0,0,0,0.6666666666666666,0.75,1.0,0.5,0.5,66.66666666666666,20.14581225340438,34.102068577383065,0.37041696719781164,0.85,2.7,-0.44,-0.04,37.0,85.0
Ffos Las,4:37,Q T Boy,William Carson,David Evans,0.06666666666666667,10.0,2.0,7.5,Class 3,6,07,50.0,Active,Good,0m7f80y,0.0,0.0,0.0,0.0,0.0166666666666666,4.0943445622221,0.0,0,0,0.02,0.5,0.0,0.5,0.5,2.0,9.867336613912348,3.0,0.032586026242713936,0.17168925773397067,30.69,0.63,1.27,3.3,17.2
Ffos Las,4:37,World Star,Darragh Keenan,Ollie Sangster,0.16611111111111113,13.0,2.0,7.5,Class 3,6,,23.333333333333336,Active,Good,0m7f80y,0.0,0.0,0.0,0.0,0.0357142857142857,3.332204510175204,0.0,0,0,0.04285714285714285,0.5,0.5124045801526719,0.5,0.5,4.285714285714285,14.080727009643052,6.428571428571427,0.06982719909152985,0.25361983800136567,14.32,0.63,0.67,7.0,25.4
Ffos Las,4:37,Isabella De Vega,George Downing,Ed Walker,0.19608695652173913,41.0,2.0,7.5,Class 3,6,3,16.666666666666668,Active,Good,0m7f80y,0.0,0.0,0.0,0.0,0.05,2.995732273553991,0.0,0,0,0.06,0.75,0.6668602721539995,0.5,0.5,6.0,17.40647739163468,9.0,0.09775807872814181,0.31506777320191204,10.23,0.63,0.55,9.8,31.5
Ffos Las,5:10,Nammos,William Carson,John & Rhys Flint,0.08,8.0,6.0,8.0,Class 6,10,261255,4.333333333333334,Active,Good,1m0f0y,0.0,55.0,0.0,0.0,0.1923076923076923,1.6486586255873816,-55.0,0,1,0.23076923076923073,0.53,0.4816053511705685,0.0,0.5,23.076923076923073,7.365709974217626,12.07907390502926,0.11688178079953494,0.3571399177589769,8.56,-0.49,-0.4,11.7,35.7
Ffos Las,5:10,Angel's Call,Ryan Kavanagh(3),Nikki Evans,0.0,2.0,5.0,8.0,Class 6,10,797941,6.25,Active,Good,1m0f0y,0.0,52.0,0.0,0.0,0.1333333333333333,2.0149030205422647,-52.0,0,1,0.16,0.67,0.0,0.3,0.5,16.0,6.795114903159842,9.556580432211888,0.09247316044699777,0.30344095298339513,10.81,-0.42,-0.38,9.2,30.3
Ffos Las,5:10,Kev,Ashley Lewis(3),William Muir & Chris Grassick,0.13333333333333333,25.0,4.0,8.0,Class 6,10,0-0980,14.583333333333336,Active,Good,1m0f0y,0.0,50.0,0.0,0.0,0.0571428571428571,2.862200880929469,-50.0,0,1,0.06857142857142856,0.5,0.8026755852842808,0.5,0.5,6.857142857142856,11.246620426247581,9.929777155516163,0.09608435597004142,0.31138558313409115,10.41,0.4,0.16,9.6,31.1
Ffos Las,5:10,Rival,Daniel Muscutt,John & Rhys Flint,0.08,8.0,8.0,8.0,Class 6,10,24-865,10.0,Active,Good,1m0f0y,0.0,49.0,0.0,0.0,0.0833333333333333,2.4849066497880004,-49.0,0,1,0.1,0.42000000000000004,0.4816053511705685,0.6,0.5,10.0,9.443555027249975,9.610488519074982,0.09299479590031105,0.3045885509806843,10.75,-0.07,-0.15,9.3,30.5
Ffos Las,5:10,Oviedo,Millie Wonnacott(5),Alexandra Dunn,0.0,2.0,6.0,8.0,Class 6,10,900-99,6.333333333333334,Active,Good,1m0f0y,0.0,49.0,0.0,0.0,0.131578947368421,2.028148247292285,-49.0,0,1,0.15789473684210525,0.5,0.0,0.6,0.5,15.789473684210526,7.188220724003799,9.768596612065817,0.0945247108269755,0.30795436381934616,10.58,-0.4,-0.36,9.5,30.8
Ffos Las,5:10,King Of The Dance,Donagh Murphy(7),Bernard Llewellyn,0.1111111111111111,4.0,7.0,8.0,Class 6,10,4452U3,5.666666666666666,Active,Good,1m0f0y,0.0,48.0,0.0,0.0,0.1470588235294117,1.916922612182061,-48.0,0,1,0.17647058823529413,0.4900000000000001,0.668896321070234,0.7,0.5,17.647058823529413,11.33771279275944,13.23051660199043,0.12802358471327752,0.38165188636921055,7.81,-0.27,-0.26,12.8,38.2
Ffos Las,5:10,Uncle Albert,Darragh Keenan,Adrian Wintle,0.16611111111111113,13.0,5.0,8.0,Class 6,10,-86798,17.500000000000004,Active,Good,1m0f0y,0.0,45.0,0.0,0.0,0.0476190476190476,3.044522437723423,-45.0,0,1,0.057142857142857134,0.49000000000000005,1.0,1.0,0.5,5.7142857142857135,14.544915371226438,8.57142857142857,0.08294045084097514,0.2824689918501453,12.06,0.45,0.21,8.3,28.2
Ffos Las,5:10,Change Of Fortune,Jack Callan,Bernard Llewellyn,0.1111111111111111,4.0,7.0,8.0,Class 6,10,-58439,8.333333333333334,Active,Good,1m0f0y,0.0,45.0,0.0,0.0,0.1,2.302585092994046,-45.0,0,1,0.12,0.5549999999999999,0.668896321070234,1.0,0.5,12.0,13.050531012150971,12.73537170850568,0.1232323716319338,0.37111121759025445,8.11,0.03,-0.08,12.3,37.1
Ffos Las,5:10,Ivat Ghia,Tyler Heard,Mark Usher,0.06666666666666667,10.0,3.0,8.0,Class 6,10,8662,5.0,Active,Good,1m0f0y,0.0,52.0,0.0,0.0,0.1666666666666666,1.791759469228055,-52.0,0,1,0.2,0.55,0.4013377926421404,0.3,0.5,20.0,8.375050959031496,11.862535671322046,0.11478647328127005,0.35253024121879417,8.71,-0.43,-0.37,11.5,35.3
Ffos Las,5:10,Big Moonrise,J F Egan,David Evans,0.06666666666666667,10.0,3.0,8.0,Class 6,10,46-3,25.0,Active,Good,1m0f0y,0.0,47.0,0.0,0.0,0.0333333333333333,3.4011973816621555,-47.0,0,1,0.04,0.5555555555555556,0.4013377926421404,0.8,0.5,4.0,10.65256880995284,6.0,0.05805831558868261,0.22772829429510175,17.22,0.45,0.32,5.8,22.8
Ffos Las,5:40,Port Louis,Charlie Tucker(7),Bernard Llewellyn,0.1111111111111111,4.0,5.0,8.0,Class 5,5,208038,4.166666666666667,Active,Good,1m0f0y,0.0,63.0,0.0,0.0,0.2,1.6094379124341005,-63.0,0,1,0.24,0.575,0.45424169739495696,0.6363636363636364,0.5,24.0,19.521124105807473,20.86478687406523,0.18174393445238146,0.4998366557952393,5.5,-0.24,-0.1,18.2,50.0
Ffos Las,5:40,Next Guilian,Darragh Keenan,Rod Millman,0.08608695652173913,18.0,3.0,8.0,Class 5,5,3-865,7.833333333333334,Active,Good,1m0f0y,0.0,70.0,0.0,0.0,0.1063829787234042,2.2407096892759584,-70.0,0,1,0.1276595744680851,0.45500000000000007,0.2935237890666953,0.0,0.5,12.76595744680851,11.134200058274288,11.623727274834554,0.10124914961656105,0.32274812915643436,9.88,-0.21,-0.13,10.1,32.3
Ffos Las,5:40,The Stone Power,Rhys Clutterbuck,Ralph Beckett,0.13076923076923078,34.0,3.0,8.0,Class 5,5,3-374P,4.916666666666667,Active,Good,1m0f0y,0.0,69.0,0.0,0.0,0.1694915254237288,1.7749523509116738,-69.0,0,1,0.20338983050847456,0.29500000000000004,0.5804961873053378,0.09090909090909091,0.5,20.338983050847457,13.254796759361264,15.38005264680712,0.13396883931701886,0.3947314464974415,7.46,-0.34,-0.22,13.4,39.5
Ffos Las,5:40,Royal Bodyguard,Daniel Muscutt,Michael Bell,0.04038461538461539,21.0,3.0,8.0,Class 5,5,2-8364,4.25,Active,Good,1m0f0y,0.0,67.0,0.0,0.0,0.196078431372549,1.62924053973028,-67.0,0,1,0.23529411764705882,0.48000000000000004,0.0,0.2727272727272727,0.5,23.52941176470588,10.599622225129497,14.478559087002411,0.1261163274542668,0.377455920399387,7.93,-0.46,-0.32,12.6,37.7
Ffos Las,5:40,John Harrison,Luke Catton(3),Alan King,0.07071428571428572,9.0,3.0,8.0,Class 5,5,82-433,2.5833333333333335,Active,Good,1m0f0y,0.0,63.0,0.0,0.0,0.3225806451612903,1.1314021114911006,-63.0,0,1,0.3870967741935484,0.68,0.19479264157601606,0.6363636363636364,0.5,38.70967741935484,17.88104049088982,24.129631569429325,0.21018255325509763,0.5624016171612148,4.76,-0.46,-0.21,21.0,56.2
Ffos Las,5:40,Brave New World,Ashley Lewis(3),Ed Walker,0.19608695652173913,41.0,3.0,8.0,Class 5,5,077,3.3333333333333335,Active,Good,1m0f0y,0.0,59.0,0.0,0.0,0.25,1.3862943611198906,-59.0,0,1,0.3,0.5,1.0,1.0,0.5,30.0,27.609216360537665,28.326451452376364,0.2467391959046742,0.6428262309902832,4.05,-0.18,0.02,24.7,64.3
Ffos Las,6:10,Meet Me In Meraki,J F Egan,David Evans,0.06666666666666667,10.0,5.0,12.0,Class 6,6,678732,3.916666666666667,Active,Good,1m3f209y,0.0,62.0,0.0,0.0,0.2127659574468085,1.547562508716013,-62.0,0,1,0.2553191489361702,0.675,0.6,0.0,0.5,25.53191489361702,12.971455311183902,16.739593185913836,0.15602211987346018,0.4432486637216124,6.41,-0.39,-0.23,15.6,44.3
Ffos Las,6:10,Bulldog Spirit,Daniel Muscutt,Bernard Llewellyn,0.1111111111111111,4.0,6.0,12.0,Class 6,6,-65753,9.583333333333334,Active,Good,1m3f209y,0.0,62.0,0.0,0.0,0.0869565217391304,2.4423470353692043,-62.0,0,1,0.10434782608695652,0.56,1.0,0.0,0.5,10.434782608695652,15.318671034160037,13.85350450652072,0.12912220247997025,0.38406884545593456,7.74,0.24,0.21,12.9,38.4
Ffos Las,6:10,Noble Grace,Ashley Lewis(3),Warren Greatrex,0.1,5.0,5.0,12.0,Class 6,6,4741,4.416666666666667,Active,Good,1m3f209y,0.0,60.0,0.0,0.0,0.1886792452830188,1.667706820558076,-60.0,0,1,0.22641509433962262,0.66,0.9000000000000001,0.25,0.5,22.641509433962263,16.965839962564342,18.668540803983717,0.17400096160238449,0.4828021155252459,5.75,-0.23,-0.1,17.4,48.3
Ffos Las,6:10,Belle Of Kt,Millie Wonnacott(5),J S Moore,0.0975,15.0,5.0,12.0,Class 6,6,337311,6.5,Active,Good,1m3f209y,0.0,54.0,0.0,0.0,0.1282051282051282,2.0541237336955462,-54.0,0,1,0.15384615384615385,0.9,0.8775000000000001,1.0,0.5,15.384615384615385,23.698642957416936,21.204434685576473,0.19763687286892462,0.5348011203116342,5.06,0.28,0.27,19.8,53.5
Ffos Las,6:10,A Daughters Love,Darragh Keenan,David Flood,0.09272727272727273,6.0,3.0,12.0,Class 6,6,311501,2.2,Active,Good,1m3f209y,0.0,54.0,0.0,0.0,0.3787878787878788,0.9707789171582248,-54.0,0,1,0.45454545454545453,0.73,0.8345454545454546,1.0,0.5,45.45454545454545,21.944782405240986,28.997711320032323,0.2702744529919166,0.6946037965822166,3.7,-0.41,-0.1,27.0,69.5
Ffos Las,6:10,Claytons Kolatonic,Jack Doughty,Dominic Ffrench Davis,0.0,4.0,3.0,12.0,Class 6,6,63479,19.166666666666668,Active,Good,1m3f209y,0.0,59.0,0.0,0.0,0.0434782608695652,3.1354942159291497,-59.0,0,1,0.05217391304347826,0.5050000000000001,0.0,0.375,0.5,5.217391304347826,9.100608329433788,7.826086956521739,0.07294339018334392,0.2604754584033566,13.71,0.4,0.44,7.3,26.0
Gowran Park,2:22,If Not For Grace,Leigh Roche,Liam P Cusack,0.0,1.0,4.0,8.0,,15,08,125.0,Active,Good,1m,0.0,0.0,0.0,0.0,0.0066666666666666,5.010635294096256,0.0,0,0,0.008,0.5,0.0,1.0,0.5,0.8,6.083698934309123,1.2000000000000002,0.011082568489469997,0.124381650676834,90.23,0.39,2.98,1.1,12.4
Gowran Park,2:22,Contrite,Colin Keane,D K Weld,0.10833333333333332,13.0,3.0,8.0,,15,4-93,5.833333333333334,Active,Good,1m,0.0,66.0,0.0,0.0,0.1428571428571428,1.9459101490553128,-66.0,0,1,0.1714285714285714,0.5888888888888889,0.7583333333333333,0.13157894736842105,0.5,17.14285714285714,6.6634958996311635,9.807304272598955,0.09057510108179137,0.299265222379941,11.04,-0.47,-0.34,9.1,29.9
Gowran Park,2:22,Jp's Express,Wesley Joyce(3),Michael Mulvany,0.057777777777777775,13.0,3.0,8.0,,15,600315,8.333333333333334,Active,Good,1m,0.0,70.0,0.0,0.0,0.1,2.302585092994046,-70.0,0,1,0.12,0.66,0.40444444444444444,0.07894736842105263,0.5,12.0,5.428189268434003,7.399732487903801,0.06834003508412506,0.2503480771850751,14.63,-0.43,-0.29,6.8,25.0
Gowran Park,2:22,Passage Of Power,Dylan Browne McMonagle,Joseph Patrick O'Brien,0.10166666666666667,61.0,3.0,8.0,,15,35,6.5,Active,Good,1m,0.0,0.0,0.0,0.0,0.1282051282051282,2.0541237336955462,0.0,0,0,0.15384615384615385,0.55,0.7116666666666667,1.0,0.5,15.384615384615385,8.979793114495859,10.901239795531716,0.1006781138784301,0.32149185053254625,9.93,-0.35,-0.24,10.1,32.1
Gowran Park,2:22,Star Of Beauty,W J Lee,K J Condon,0.1111111111111111,4.0,3.0,8.0,,15,502236,12.5,Active,Good,1m,0.0,76.0,0.0,0.0,0.0666666666666666,2.70805020110221,-76.0,0,1,0.08,0.6100000000000001,0.7777777777777778,0.0,0.5,8.0,6.417457417510805,6.892220192257563,0.06365291860433542,0.24003642092953795,15.71,-0.2,-0.07,6.4,24.0
Gowran Park,2:22,Bill Silvers,Jamie Orr(7),William Durkan,0.0,10.0,6.0,8.0,,15,205P-0,11.250000000000002,Active,Good,1m,0.0,74.0,0.0,0.0,0.074074074074074,2.602689685444384,-74.0,0,1,0.08888888888888888,0.33,0.0,0.02631578947368421,0.5,8.888888888888888,2.4755051255724947,4.399520254567412,0.040631653785044845,0.18938963832709865,24.61,-0.54,-0.33,4.1,18.9
Gowran Park,2:22,Macinamillion,Mel Sheridan(7),Raymond Hurley,0.0,0.0,6.0,8.0,,15,310/0-,26.666666666666668,Active,Good,1m,0.0,54.0,0.0,0.0,0.03125,3.4657359027997265,-54.0,0,1,0.0375,0.625,0.0,0.2894736842105263,0.5,3.75,4.397673818468519,4.203371672927963,0.03882012870993518,0.18540428316185742,25.76,0.04,0.38,3.9,18.5
Gowran Park,2:22,Minaun View,Patrick McGettigan(5),Adrian McGuinness,0.040740740740740744,22.0,4.0,8.0,,15,281127,4.833333333333333,Active,Good,1m,0.0,65.0,0.0,0.0,0.1724137931034483,1.7578579175523736,-65.0,0,1,0.20689655172413796,0.7250000000000001,0.2851851851851852,0.14473684210526316,0.5,20.689655172413797,5.4220003203222245,10.002296775949695,0.09237594922622284,0.3032270882976903,10.83,-0.55,-0.41,9.2,30.3
Gowran Park,2:22,Hello Stacia,Luke McAteer,James Dowling,0.0,1.0,3.0,8.0,,15,37,20.833333333333332,Active,Good,1m,0.0,0.0,0.0,0.0,0.04,3.218875824868201,0.0,0,0,0.048,0.6071428571428572,0.0,1.0,0.5,4.8,6.491089487945895,5.983762641562127,0.05526288274987014,0.22157834204971433,18.1,0.15,0.32,5.5,22.2
Gowran Park,2:22,Land Of The Giants,Ronan Whelan,Adrian McGuinness,0.040740740740740744,22.0,4.0,8.0,,15,037360,7.333333333333334,Active,Good,1m,0.0,59.0,0.0,0.0,0.1136363636363636,2.174751721484161,-59.0,0,1,0.13636363636363635,0.52,0.2851851851851852,0.2236842105263158,0.5,13.636363636363635,4.882672404928701,7.50877977435918,0.06934713843473556,0.25256370455641824,14.42,-0.49,-0.35,6.9,25.3
Gowran Park,2:22,May Night,Keithen Kennedy(5),Raymond Hurley,0.0,0.0,8.0,8.0,,15,50703-,26.666666666666668,Active,Good,1m,0.0,52.0,0.0,0.0,0.03125,3.4657359027997265,-52.0,0,1,0.0375,0.6000000000000001,0.0,0.3157894736842105,0.5,3.75,4.382664692808217,4.192865284965752,0.038723097239795064,0.18519081392754916,25.82,0.03,0.37,3.9,18.5
Gowran Park,2:22,Mythical Rock,Sean Davis,C Byrnes,0.0,14.0,5.0,8.0,,15,176202,6.5,Active,Good,1m,0.0,65.0,0.0,0.0,0.1282051282051282,2.0541237336955462,-65.0,0,1,0.15384615384615385,0.6400000000000001,0.0,0.14473684210526316,0.5,15.384615384615385,4.014440809942139,7.425493182344112,0.06857794730118427,0.2508714840626054,14.58,-0.55,-0.4,6.9,25.1
Gowran Park,2:22,Buttermere Ridge,Robbie Colgan,Oliver McKiernan,0.12375,11.0,5.0,8.0,,15,0-9740,18.333333333333336,Active,Good,1m,0.0,62.0,0.0,0.0,0.0454545454545454,3.091042453358316,-62.0,0,1,0.054545454545454536,0.47000000000000003,0.8662500000000001,0.18421052631578946,0.5,5.454545454545453,6.78187342960751,6.383675037088892,0.05895626317754797,0.22970377899060554,16.96,0.08,0.23,5.9,23.0
Gowran Park,2:22,Liberate,Chris Hayes,Denis Gerard Hogan,0.03393939393939394,28.0,4.0,8.0,,15,090559,31.25,Active,Good,1m,0.0,65.0,0.0,0.0,0.0266666666666666,3.624340932976365,-65.0,0,1,0.032,0.45,0.2375757575757576,0.14473684210526316,0.5,3.2,4.1953386759812545,3.896737073186878,0.03598821291587535,0.17917406841492578,27.79,0.12,0.53,3.6,17.9
Gowran Park,2:22,Zitkala Sa,Shane Foley,E Sheehy,0.0,3.0,3.0,8.0,,15,66036,26.666666666666668,Active,Good,1m,0.0,59.0,0.0,0.0,0.03125,3.4657359027997265,-59.0,0,1,0.0375,0.525,0.0,0.2236842105263158,0.5,3.75,3.817320959603504,3.7971246717224525,0.0350682451978503,0.17715013943527066,28.52,-0.06,0.31,3.5,17.7
Gowran Park,2:22,Countertop,Terry Casey(7),Michael Mulvany,0.057777777777777775,13.0,3.0,8.0,,15,00-050,20.833333333333332,Active,Good,1m,0.0,46.0,0.0,0.0,0.04,3.218875824868201,-46.0,0,1,0.048,0.47000000000000003,0.40444444444444444,0.39473684210526316,0.5,4.8,5.666334062244129,5.406433843570889,0.04993097779596908,0.20984815115113198,20.03,0.04,0.25,5.0,21.0
Gowran Park,2:22,Slight Of Foot,Reese Holohan(7),R P Cody,0.08,8.0,3.0,8.0,,15,-69409,24.166666666666668,Active,Good,1m,0.0,66.0,0.0,0.0,0.0344827586206896,3.367295829986474,-66.0,0,1,0.041379310344827586,0.48000000000000004,0.56,0.13157894736842105,0.5,4.137931034482759,5.4953412084252795,5.088118156242523,0.04699118162422796,0.2033805995733015,21.28,0.14,0.38,4.7,20.3
Gowran Park,2:22,Hastily,,Tom McGuinness,0.14285714285714285,2.0,7.0,8.0,,15,9-0009,39.583333333333336,Active,Good,1m,0.0,37.0,0.0,0.0,0.0210526315789473,3.8607297110405954,-37.0,0,1,0.02526315789473684,0.5,1.0,0.5131578947368421,0.5,2.526315789473684,8.405110369769183,3.789473684210526,0.034997584703589456,0.17699468634789683,28.57,0.39,0.88,3.5,17.7
Gowran Park,2:52,Just One Show,W J Lee,Jack Foley,0.0,1.0,2.0,7.0,,16,25,7.0,Active,Good,7f,0.0,0.0,0.0,0.0,0.119047619047619,2.128231705849268,0.0,0,0,0.14285714285714285,0.55,0.0,0.5,0.5,14.285714285714285,4.308030772486153,7.301335826454592,0.0694195227122826,0.2527229499670217,14.41,-0.51,-0.37,6.9,25.3
Gowran Park,2:52,Feel The Sting,Gary Carroll,A Oliver,0.18,6.0,2.0,7.0,,16,,31.66666666666667,Active,Good,7f,0.0,0.0,0.0,0.0,0.0263157894736842,3.6375861597263857,0.0,0,0,0.03157894736842105,0.5,1.0,0.5,0.5,3.157894736842105,7.582134159575629,4.7368421052631575,0.04503687077635578,0.19908111570798273,22.2,0.43,0.73,4.5,19.9
Gowran Park,2:52,Stay Curious,Gavin Ryan,Patrick T Foley,0.1,5.0,2.0,7.0,,16,79,19.166666666666668,Active,Good,7f,0.0,0.0,0.0,0.0,0.0434782608695652,3.1354942159291497,0.0,0,0,0.05217391304347826,0.5,0.5555555555555556,0.5,0.5,5.217391304347826,6.050389884913887,5.800490310744069,0.0551498079858356,0.22132957756883834,18.13,0.06,0.23,5.5,22.1
Gowran Park,2:52,This That,Colin Keane,G M Lyons,0.061875,11.0,2.0,7.0,,16,4,5.833333333333334,Active,Good,7f,0.0,0.0,0.0,0.0,0.1428571428571428,1.9459101490553128,0.0,0,0,0.1714285714285714,0.4,0.34375,0.5,0.5,17.14285714285714,4.975775542221507,8.625900022412196,0.08201319275715231,0.2804290240657351,12.19,-0.52,-0.38,8.2,28.0
Gowran Park,2:52,Citrus Springs,Dylan Browne McMonagle,Joseph Patrick O'Brien,0.10166666666666667,61.0,2.0,7.0,,16,62,4.166666666666667,Active,Good,7f,0.0,0.0,0.0,0.0,0.2,1.6094379124341005,0.0,0,0,0.24,0.6000000000000001,0.5648148148148149,0.5,0.5,24.0,6.426943685768233,11.698860580037762,0.11123023745890559,0.3447065224095923,8.99,-0.54,-0.38,11.1,34.5
Gowran Park,2:52,Battle Ready,Chris Hayes,Noel Meade,0.0335483870967742,26.0,2.0,7.0,,16,,22.500000000000004,Active,Good,7f,0.0,0.0,0.0,0.0,0.037037037037037,3.295836866004329,0.0,0,0,0.04444444444444444,0.5,0.18637992831541222,0.5,0.5,4.444444444444444,4.778053914831954,4.6779710737157005,0.04447713773452024,0.19784970301594457,22.48,0.0,0.26,4.4,19.8
Gowran Park,2:52,Mirren,Luke McAteer,David Marnane,0.0,6.0,2.0,7.0,,16,5,4.583333333333334,Active,Good,7f,0.0,0.0,0.0,0.0,0.1818181818181818,1.7047480922384253,0.0,0,0,0.21818181818181814,0.4,0.0,0.5,0.5,21.818181818181813,3.7910670797878154,9.199201501306014,0.08746401928821738,0.2924208424340783,11.43,-0.6,-0.45,8.7,29.2
Gowran Park,2:52,Rock On Johnny,Ronan Whelan,Adrian McGuinness,0.040740740740740744,22.0,2.0,7.0,,16,8,25.0,Active,Good,7f,0.0,0.0,0.0,0.0,0.0333333333333333,3.4011973816621555,0.0,0,0,0.04,0.5,0.2263374485596708,0.5,0.5,4.0,4.915764496275558,4.64103514739289,0.04412595893146133,0.19707710964921493,22.66,0.1,0.38,4.4,19.7
Gowran Park,2:52,Scotty Cameron,Robbie Colgan,Kevin Thomas Coleman,0.09904761904761905,16.0,2.0,7.0,,16,00,166.66666666666666,Active,Good,7f,0.0,0.0,0.0,0.0,0.005,5.298317366548036,0.0,0,0,0.006,0.5,0.5502645502645503,0.5,0.5,0.6,6.032154834025056,0.8999999999999999,0.008557005447507598,0.11882541198451672,116.86,0.43,4.04,0.9,11.9
Gowran Park,2:52,Snapequus,Declan McDonogh,Joseph Patrick O'Brien,0.10166666666666667,61.0,2.0,7.0,,16,,15.833333333333336,Active,Good,7f,0.0,0.0,0.0,0.0,0.0526315789473684,2.9444389791664403,0.0,0,0,0.0631578947368421,0.5,0.5648148148148149,0.5,0.5,6.31578947368421,6.082301223969339,6.1523476988838,0.05849519197145502,0.22868942233720108,17.1,-0.07,0.08,5.8,22.9
Gowran Park,2:52,Not You Too,Donagh O'Connor,M D O'Callaghan,0.10833333333333332,13.0,2.0,7.0,,16,2,4.833333333333333,Active,Good,7f,0.0,0.0,0.0,0.0,0.1724137931034483,1.7578579175523736,0.0,0,0,0.20689655172413796,0.75,0.6018518518518519,0.5,0.5,20.689655172413797,7.071552734688382,11.156983466006006,0.10607818699596178,0.33337201139111594,9.43,-0.49,-0.35,10.6,33.3
Gowran Park,2:52,Closefield Beau,Jamie Powell,Daniel McLoughlin,0.0,5.0,2.0,7.0,,16,0,100.0,Active,Good,7f,0.0,0.0,0.0,0.0,0.0083333333333333,4.787491742782046,0.0,0,0,0.01,0.5,0.0,0.5,0.5,1.0,4.135709541586707,1.5,0.014261675745846,0.13137568664086122,70.12,0.43,2.38,1.4,13.1
Gowran Park,2:52,Dragon Scales,Nathan Crosse,Daniel McLoughlin,0.0,5.0,2.0,7.0,,16,,21.666666666666664,Active,Good,7f,0.0,0.0,0.0,0.0,0.0384615384615384,3.258096538021482,0.0,0,0,0.046153846153846156,0.5,0.0,0.5,0.5,4.615384615384616,4.135709541586707,4.27961206372608,0.04068962638058145,0.1895171780372792,24.58,-0.12,0.17,4.1,19.0
Gowran Park,2:52,Summer Sent You,Shane Foley,K J Condon,0.1111111111111111,4.0,2.0,7.0,,16,,38.333333333333336,Active,Good,7f,0.0,0.0,0.0,0.0,0.0217391304347826,3.828641396489095,0.0,0,0,0.02608695652173913,0.5,0.6172839506172839,0.5,0.5,2.608695652173913,6.263132145283573,3.9130434782608696,0.037204371510902605,0.18184961732398575,26.88,0.43,0.88,3.7,18.2
Gowran Park,2:52,Arizonaneargalway,Mel Sheridan(7),Denis Gerard Hogan,0.03393939393939394,28.0,2.0,7.0,,16,08,79.16666666666667,Active,Good,7f,0.0,0.0,0.0,0.0,0.0105263157894736,4.553876891600541,0.0,0,0,0.01263157894736842,0.5,0.18855218855218858,0.5,0.5,1.263157894736842,4.7855404459886595,1.894736842105263,0.018014748310542315,0.1396324462831931,55.51,0.43,1.87,1.8,14.0
Gowran Park,2:52,Miss Twilight,Andrew Slattery,Rory Anthony Devine,0.0,1.0,2.0,7.0,,16,3,35.41666666666667,Active,Good,7f,0.0,0.0,0.0,0.0,0.0235294117647058,3.7495040759303713,0.0,0,0,0.028235294117647056,0.75,0.0,0.5,0.5,2.8235294117647056,4.9973156960839376,4.235294117647058,0.04026826092944752,0.18859017404478456,24.83,0.43,0.81,4.0,18.9
Gowran Park,2:52,Cudawudashuda,,G M Lyons,0.061875,11.0,2.0,7.0,,16,6,37.5,Active,Good,7f,0.0,0.0,0.0,0.0,0.0222222222222222,3.80666248977032,0.0,0,0,0.02666666666666667,0.4,0.34375,0.5,0.5,2.666666666666667,4.975775542221507,4.0,0.03803113532225599,0.1836684977089632,26.29,0.43,0.86,3.8,18.4
Gowran Park,2:52,Shenata,Ben Coen,J P Murtagh,0.04000000000000001,20.0,2.0,7.0,,16,6,8.166666666666668,Active,Good,7f,0.0,0.0,0.0,0.0,0.1020408163265306,2.2823823856765264,0.0,0,0,0.12244897959183672,0.4,0.22222222222222227,0.5,0.5,12.244897959183671,4.556939217118686,6.863326839738182,0.06525502795073859,0.24356106149162493,15.32,-0.47,-0.32,6.5,24.4
Gowran Park,2:52,Williamsburg,,David Marnane,0.0,6.0,2.0,7.0,,16,7,41.666666666666664,Active,Good,7f,0.0,0.0,0.0,0.0,0.02,3.912023005428146,0.0,0,0,0.024,0.5,0.0,0.5,0.5,2.4,4.135709541586707,3.5999999999999996,0.03422802179003039,0.17530164793806688,29.22,0.43,0.96,3.4,17.5
Gowran Park,3:22,Alfred Tennyson,Chris Hayes,Denis Gerard Hogan,0.03393939393939394,28.0,4.0,7.0,,7,206031,6.166666666666667,Active,Good,7f,0.0,76.0,0.0,0.0,0.1351351351351351,2.0014800002101243,-76.0,0,1,0.16216216216216214,0.765,0.18855218855218858,0.875,0.5,16.216216216216214,17.57546026724109,17.167687051933626,0.15903240967795498,0.449871301291501,6.29,-0.02,0.03,15.9,45.0
Gowran Park,3:22,Pretty Omagh Girl,Ben Coen,A Oliver,0.18,6.0,4.0,7.0,,7,424-10,6.5,Active,Good,7f,0.0,83.0,0.0,0.0,0.1282051282051282,2.0541237336955462,-83.0,0,1,0.15384615384615385,0.655,1.0,0.0,0.5,15.384615384615385,17.588485746019995,16.92732463759861,0.15680581888374526,0.44497280154423957,6.38,0.02,0.06,15.7,44.5
Gowran Park,3:22,Little Empire,Patrick McGettigan(5),Anthony McCann,0.09272727272727273,6.0,6.0,7.0,,7,335426,3.666666666666667,Active,Good,7f,0.0,82.0,0.0,0.0,0.2272727272727272,1.4816045409242156,-82.0,0,1,0.2727272727272727,0.505,0.5151515151515151,0.125,0.5,27.27272727272727,12.776631550604153,17.12546026724109,0.15864124298774843,0.4490107345730465,6.3,-0.42,-0.25,15.9,44.9
Gowran Park,3:22,Exquisite Acclaim,Dylan Browne McMonagle,Adrian McGuinness,0.040740740740740744,22.0,7.0,7.0,,7,407360,9.583333333333334,Active,Good,7f,0.0,80.0,0.0,0.0,0.0869565217391304,2.4423470353692043,-80.0,0,1,0.10434782608695652,0.52,0.2263374485596708,0.375,0.5,10.434782608695652,12.112550907071455,11.609220417558713,0.10754170272919387,0.3365917460042266,9.3,0.03,0.06,10.8,33.7
Gowran Park,3:22,Indigo Dream,Shane Foley,Ross O'Sullivan,0.03333333333333333,25.0,4.0,7.0,,7,220847,5.166666666666667,Active,Good,7f,0.0,80.0,0.0,0.0,0.1612903225806451,1.824549292051046,-80.0,0,1,0.1935483870967742,0.47000000000000003,0.1851851851851852,0.375,0.5,19.35483870967742,11.292484265087005,13.711190598464128,0.12701324726104415,0.37942914397429717,7.87,-0.34,-0.23,12.7,37.9
Gowran Park,3:22,Ohailbhic,Ronan Whelan,John James Feane,0.0,4.0,5.0,7.0,,7,-83117,11.666666666666668,Active,Good,7f,0.0,78.0,0.0,0.0,0.0714285714285714,2.6390573296152584,-78.0,0,1,0.0857142857142857,0.7749999999999999,0.0,0.625,0.5,8.57142857142857,14.169751943724545,12.490254932035752,0.1157031423816571,0.3545469132396456,8.64,0.35,0.3,11.6,35.5
Gowran Park,3:22,Lohoobb,W J Lee,M C Grassick,0.0,5.0,3.0,7.0,,7,525248,3.416666666666666,Active,Good,7f,0.0,75.0,0.0,0.0,0.2439024390243902,1.410986973710262,-75.0,0,1,0.29268292682926833,0.51,0.0,1.0,0.5,29.268292682926834,14.48463532025176,18.91973252905428,0.17526243607865621,0.4855773593730437,5.71,-0.4,-0.22,17.5,48.6
Gowran Park,3:52,Hollys Graces,Colin Keane,Henry De Bromhead,0.0969047619047619,37.0,4.0,9.5,Class 1,8,970-82,45.833333333333336,Active,Good,1m1f100y,0.0,85.0,0.0,0.0,0.0181818181818181,4.007333185232471,-85.0,0,1,0.021818181818181816,0.6000000000000001,0.3034920634920634,0.19047619047619047,0.5,2.1818181818181817,9.579020106506851,3.2727272727272725,0.03171451375419962,0.16977193025923917,31.53,0.45,0.69,3.2,17.0
Gowran Park,3:52,Lemsairbat,Dylan Browne McMonagle,Joseph Patrick O'Brien,0.10166666666666667,61.0,5.0,9.5,Class 1,8,5-2523,2.916666666666667,Active,Good,1m1f100y,0.0,98.0,0.0,0.0,0.2857142857142857,1.252762968495368,-98.0,0,1,0.3428571428571428,0.68,0.32888888888888884,0.06666666666666667,0.5,34.28571428571428,9.623876206279771,17.022427630110123,0.16495661575708187,0.4629045546655801,6.06,-0.52,-0.36,16.5,46.3
Gowran Park,3:52,Subsonic,Ben Coen,J P Murtagh,0.04000000000000001,20.0,4.0,9.5,Class 1,8,71-387,12.083333333333334,Active,Good,1m1f100y,0.0,94.0,0.0,0.0,0.0689655172413793,2.6741486494265287,-94.0,0,1,0.08275862068965517,0.6000000000000001,0.0,0.10476190476190476,0.5,8.275862068965518,6.950452659813798,7.348075482559313,0.07120686251510466,0.25665509753323024,14.04,-0.14,-0.17,7.1,25.7
Gowran Park,3:52,Classiest,Ronan Whelan,A P O'Brien,0.2275,35.0,3.0,9.5,Class 1,8,1-,10.0,Active,Good,1m1f100y,0.0,0.0,0.0,0.0,0.0833333333333333,2.4849066497880004,0.0,0,0,0.1,1.0,1.0,1.0,0.5,10.0,21.900990714127698,18.330693499889385,0.1776344261774682,0.49079573759043005,5.63,0.78,0.37,17.8,49.1
Gowran Park,3:52,Minerva,Wayne Lordan,A P O'Brien,0.2275,35.0,3.0,9.5,Class 1,8,2431-6,8.333333333333334,Active,Good,1m1f100y,0.0,101.0,0.0,0.0,0.1,2.302585092994046,-101.0,0,1,0.12,0.65,1.0,0.0380952380952381,0.5,12.0,13.991738921667757,13.394217245167429,0.12979727659818338,0.3855540085160035,7.7,0.08,-0.05,13.0,38.6
Gowran Park,3:52,Moonlit Sun,Shane Foley,Mrs John Harrington,0.0593939393939394,28.0,3.0,9.5,Class 1,8,314,7.166666666666667,Active,Good,1m1f100y,0.0,90.0,0.0,0.0,0.1162790697674418,2.151762203259462,-90.0,0,1,0.13953488372093023,0.6777777777777778,0.10343434343434343,0.14285714285714285,0.5,13.953488372093023,8.445995804515437,10.098243574788711,0.09785749256124555,0.3152864836347402,10.22,-0.3,-0.3,9.8,31.5
Gowran Park,3:52,Skydance,W J Lee,W McCreery,0.17647058823529413,12.0,3.0,9.5,Class 1,8,265-13,3.5,Active,Good,1m1f100y,0.0,105.0,0.0,0.0,0.238095238095238,1.4350845252893227,-105.0,0,1,0.2857142857142857,0.7200000000000001,0.727843137254902,0.0,0.5,28.57142857142857,12.348224618958529,17.21518580469954,0.16682454768963062,0.46701400491718736,5.99,-0.42,-0.3,16.7,46.7
Gowran Park,3:52,Star Performer,Declan McDonogh,Joseph Patrick O'Brien,0.10166666666666667,61.0,3.0,9.5,Class 1,8,1,6.666666666666667,Active,Good,1m1f100y,0.0,0.0,0.0,0.0,0.125,2.079441541679836,0.0,0,0,0.15,1.0,0.32888888888888884,1.0,0.5,15.0,17.159700968130156,16.51179067769111,0.16000826494708606,0.4520181828835894,6.25,0.07,-0.04,16.0,45.2
Gowran Park,4:22,Dallas Star,Donagh O'Connor,Robson De Aguiar,0.07071428571428572,9.0,5.0,12.5,,9,332547,15.0,Active,Good,1m4f100y,0.0,100.0,0.0,0.0,0.0555555555555555,2.8903717578961645,-100.0,0,1,0.06666666666666667,0.47500000000000003,0.4007142857142857,0.0,0.5,6.666666666666667,6.162666308967051,6.313866416276936,0.055026123329796534,0.2210574713255524,18.17,-0.17,-0.16,5.5,22.1
Gowran Park,4:22,Fixation,Ben Coen,J P Murtagh,0.04000000000000001,20.0,4.0,12.5,,9,2-2710,3.666666666666667,Active,Good,1m4f100y,0.0,90.0,0.0,0.0,0.2272727272727272,1.4816045409242156,-90.0,0,1,0.2727272727272727,0.675,0.22666666666666668,0.4166666666666667,0.5,27.27272727272727,8.045911238134991,13.813956048512672,0.12039032806241537,0.3648587217373138,8.31,-0.56,-0.44,12.0,36.5
Gowran Park,4:22,Royal Hollow,Andrew Slattery,Andrew Slattery,0.07783783783783783,32.0,8.0,12.5,,9,104-26,8.333333333333334,Active,Good,1m4f100y,0.0,90.0,0.0,0.0,0.1,2.302585092994046,-90.0,0,1,0.12,0.515,0.441081081081081,0.4166666666666667,0.5,12.0,8.331131790873409,9.431792253611384,0.08219923095463154,0.2808383081001894,12.17,-0.32,-0.31,8.2,28.1
Gowran Park,4:22,Marazion,Shane Foley,Mrs John Harrington,0.0593939393939394,28.0,4.0,12.5,,9,7-1266,10.416666666666666,Active,Good,1m4f100y,0.0,89.0,0.0,0.0,0.08,2.525728644308256,-89.0,0,1,0.096,0.53,0.33656565656565657,0.4583333333333333,0.5,9.6,8.03664571997835,8.505652003984846,0.07412780463093543,0.263081170188058,13.49,-0.23,-0.24,7.4,26.3
Gowran Park,4:22,War Rooms,Colin Keane,Gerard Keane,0.09272727272727273,6.0,5.0,12.5,,9,70-801,6.5,Active,Good,1m4f100y,0.0,89.0,0.0,0.0,0.1282051282051282,2.0541237336955462,-89.0,0,1,0.15384615384615385,0.7000000000000001,0.5254545454545454,0.4583333333333333,0.5,15.384615384615385,9.917810634866228,11.557852059790974,0.10072810397604488,0.32160182874729876,9.93,-0.35,-0.32,10.1,32.2
Gowran Park,4:22,Obscenity,Dylan Browne McMonagle,Joseph Patrick O'Brien,0.10166666666666667,61.0,4.0,12.5,,9,-31210,4.75,Active,Good,1m4f100y,0.0,86.0,0.0,0.0,0.175438596491228,1.7404661748405046,-86.0,0,1,0.21052631578947367,0.75,0.5761111111111111,0.5833333333333334,0.5,21.052631578947366,10.96957931018983,13.994494990817092,0.12196374717680518,0.36832024378897144,8.2,-0.42,-0.36,12.2,36.8
Gowran Park,4:22,Star Harbour,Declan McDonogh,Adrian McGuinness,0.040740740740740744,22.0,8.0,12.5,,9,504255,10.833333333333332,Active,Good,1m4f100y,0.0,86.0,0.0,0.0,0.0769230769230769,2.5649493574615367,-86.0,0,1,0.09230769230769231,0.4700000000000001,0.2308641975308642,0.5833333333333334,0.5,9.230769230769232,7.692262587984931,8.153814580820221,0.0710614981615454,0.25633529595539994,14.07,-0.23,-0.24,7.1,25.6
Gowran Park,4:22,Navy Waters,W J Lee,W McCreery,0.17647058823529413,12.0,5.0,12.5,,9,8-3545,3.3333333333333335,Active,Good,1m4f100y,0.0,85.0,0.0,0.0,0.25,1.3862943611198906,-85.0,0,1,0.3,0.43500000000000005,1.0,0.625,0.5,30.0,11.715056428163976,17.200539499714782,0.14990481987556012,0.42979060372623235,6.67,-0.5,-0.37,15.0,43.0
Gowran Park,4:22,Daboya,Reese Holohan(7),R Donohoe,0.0,3.0,5.0,12.5,,9,-05511,12.5,Active,Good,1m4f100y,0.0,80.0,0.0,0.0,0.0666666666666666,2.70805020110221,-80.0,0,1,0.08,0.8200000000000001,0.0,0.8333333333333334,0.5,8.0,9.365056294550174,8.955539406185121,0.07804862874184394,0.27170698323205666,12.81,-0.02,-0.1,7.8,27.2
Gowran Park,4:22,Sea Coral,Keithen Kennedy(5),Mrs John Harrington,0.0593939393939394,28.0,4.0,12.5,,9,0-0033,14.583333333333336,Active,Good,1m4f100y,0.0,80.0,0.0,0.0,0.0571428571428571,2.862200880929469,-80.0,0,1,0.06857142857142856,0.675,0.33656565656565657,0.8333333333333334,0.5,6.857142857142856,10.369173733639634,9.3155644706906,0.08118629151377477,0.27860984133030453,12.32,0.18,0.04,8.1,27.9
Gowran Park,4:22,Ephesus,Jared Huggan(10),Denis Gerard Hogan,0.03393939393939394,28.0,5.0,12.5,,9,100-98,20.0,Active,Good,1m4f100y,0.0,76.0,0.0,0.0,0.0416666666666666,3.1780538303479458,-76.0,0,1,0.05,0.5,0.19232323232323234,1.0,0.5,5.0,9.394705952651417,7.5,0.06536342357664675,0.24379953186862285,15.3,0.31,0.17,6.5,24.4
Gowran Park,4:52,Believe Again,James Ryan,Seamus G O'Donnell,0.0,1.0,5.0,9.5,,14,00,833.3333333333334,Active,Good,1m1f100y,0.0,0.0,0.0,0.0,0.001,6.907755278982137,0.0,0,0,0.0012,0.5,0.0,1.0,0.5,0.12,5.7871378072481185,0.18,0.001931909315764544,0.104250200494682,517.62,0.61,16.46,0.2,10.4
Gowran Park,4:52,Highlander Addict,Alan Persse(5),Patrick J Flynn,0.0,5.0,5.0,9.5,,14,8,30.0,Active,Good,1m1f100y,0.0,0.0,0.0,0.0,0.0277777777777777,3.58351893845611,0.0,0,0,0.03333333333333333,0.5,0.0,1.0,0.5,3.3333333333333335,5.7871378072481185,5.0,0.05366414766012622,0.2180611248522777,18.63,0.61,0.48,5.4,21.8
Gowran Park,4:52,Lonelyharbourwall,Chris Hayes,D K Weld,0.10833333333333332,13.0,4.0,9.5,,14,,100.0,Active,Good,1m1f100y,0.0,0.0,0.0,0.0,0.0083333333333333,4.787491742782046,0.0,0,0,0.01,0.5,0.6018518518518519,1.0,0.5,1.0,7.964012561131958,1.5,0.016099244298037867,0.13541833745568332,62.11,0.61,1.82,1.6,13.5
Gowran Park,4:52,Gliondar,Dylan Browne McMonagle,Joseph Patrick O'Brien,0.10166666666666667,61.0,3.0,9.5,,14,2,1.2083333333333333,Active,Good,1m1f100y,0.0,0.0,0.0,0.0,0.6896551724137931,0.371563556432483,0.0,0,0,0.8275862068965518,0.75,0.5648148148148149,1.0,0.5,82.75862068965519,8.734291320198547,30.94159013103554,0.3320908123261991,0.830599787117638,3.01,-0.6,-0.13,33.2,83.1
Gowran Park,4:52,Jumpingthegun,Rory Cleary,Gordon Elliott,0.0725925925925926,49.0,3.0,9.5,,14,743,28.333333333333332,Active,Good,1m1f100y,0.0,80.0,0.0,0.0,0.0294117647058823,3.5263605246161616,-80.0,0,1,0.03529411764705882,0.5777777777777778,0.4032921810699589,0.0,0.5,3.5294117647058822,4.633580245360955,4.302329701164433,0.04617617127316696,0.20158757680096734,21.66,0.31,0.3,4.6,20.2
Gowran Park,4:52,Karrygrant,Ben Coen,J P Murtagh,0.04000000000000001,20.0,3.0,9.5,,14,324532,6.333333333333334,Active,Good,1m1f100y,0.0,79.0,0.0,0.0,0.131578947368421,2.028148247292285,-79.0,0,1,0.15789473684210525,0.645,0.22222222222222227,0.0125,0.5,15.789473684210526,4.257967018596793,7.717419018280912,0.08282974275041864,0.28222543405092104,12.07,-0.48,-0.42,8.3,28.2
Gowran Park,4:52,Lord Darragh,Luke McAteer,Rory Anthony Devine,0.0,1.0,3.0,9.5,,14,6,30.0,Active,Good,1m1f100y,0.0,0.0,0.0,0.0,0.0277777777777777,3.58351893845611,0.0,0,0,0.03333333333333333,0.4,0.0,1.0,0.5,3.3333333333333335,5.425441694295111,4.797809186006578,0.0514940681205934,0.2132869498653055,19.42,0.54,0.45,5.1,21.3
Gowran Park,4:52,One Cool County,Conor Cusack(7),P J F Murphy,0.12375,3.0,3.0,9.5,,14,6,183.33333333333334,Active,Good,1m1f100y,0.0,0.0,0.0,0.0,0.0045454545454545,5.393627546352362,0.0,0,0,0.005454545454545454,0.4,0.6875,1.0,0.5,0.5454545454545454,7.912102470847036,0.8181818181818181,0.008781405980747926,0.11931909315764544,113.88,0.61,3.47,0.9,11.9
Gowran Park,4:52,Rock Of Claremont,W J Lee,A Oliver,0.18,6.0,3.0,9.5,,14,53,15.0,Active,Good,1m1f100y,0.0,0.0,0.0,0.0,0.0555555555555555,2.8903717578961645,0.0,0,0,0.06666666666666667,0.6000000000000001,1.0,1.0,0.5,6.666666666666667,9.7657950497312,8.836056534811839,0.09483588852347315,0.30863895475164094,10.54,0.42,0.17,9.5,30.9
Gowran Park,4:52,Yogini,Gavin Ryan,Donnacha Aidan O'Brien,0.0,4.0,3.0,9.5,,14,62,12.916666666666668,Active,Good,1m1f100y,0.0,0.0,0.0,0.0,0.064516129032258,2.740840023925201,0.0,0,0,0.07741935483870967,0.6000000000000001,0.0,1.0,0.5,7.741935483870967,6.148833920201126,6.626764389302077,0.07112393253927457,0.2564726515864041,14.06,-0.08,-0.13,7.1,25.6
Gowran Park,4:52,Blue Orquidea,Alan Casey(7),Denis Gerard Hogan,0.03393939393939394,28.0,3.0,9.5,,14,50,40.0,Active,Good,1m1f100y,0.0,0.0,0.0,0.0,0.0208333333333333,3.871201010907891,0.0,0,0,0.025,0.4571428571428572,0.18855218855218858,1.0,0.5,2.5,6.3141111242922054,3.75,0.04024811074509466,0.1885458436392083,24.85,0.61,0.66,4.0,18.9
Gowran Park,4:52,Salamina,Declan McDonogh,Joseph Patrick O'Brien,0.10166666666666667,61.0,3.0,9.5,,14,,41.666666666666664,Active,Good,1m1f100y,0.0,0.0,0.0,0.0,0.02,3.912023005428146,0.0,0,0,0.024,0.5,0.5648148148148149,1.0,0.5,2.4,7.8300510378160295,3.5999999999999996,0.038638186315290875,0.18500400989363994,25.88,0.61,0.69,3.9,18.5
Gowran Park,4:52,Socratea,Ronan Whelan,W McCreery,0.17647058823529413,12.0,3.0,9.5,,14,7,29.16666666666667,Active,Good,1m1f100y,0.0,0.0,0.0,0.0,0.0285714285714285,3.555348061489413,0.0,0,0,0.03428571428571428,0.5,0.9803921568627452,1.0,0.5,3.428571428571428,9.333178130316815,5.142857142857142,0.055197409021844106,0.22143429984805704,18.12,0.61,0.47,5.5,22.1
Gowran Park,4:52,Storm Petrel,Gary Halpin,Ms M McDowall,0.0,0.0,3.0,9.5,,14,0-43,21.666666666666664,Active,Good,1m1f100y,0.0,77.0,0.0,0.0,0.0384615384615384,3.258096538021482,-77.0,0,1,0.046153846153846156,0.5777777777777778,0.0,0.0375,0.5,4.615384615384616,3.2833969364734115,3.6829932401467724,0.03952893861409662,0.18696366495101258,25.3,-0.14,-0.04,4.0,18.7
Gowran Park,4:52,Xirivella,Colin Keane,Noel Meade,0.0335483870967742,26.0,3.0,9.5,,14,63,20.0,Active,Good,1m1f100y,0.0,0.0,0.0,0.0,0.0416666666666666,3.1780538303479458,0.0,0,0,0.05,0.6000000000000001,0.18637992831541222,1.0,0.5,5.0,6.822962876242573,6.276074013369801,0.0673600325158716,0.24819207153491754,14.85,0.35,0.19,6.7,24.8
Gowran Park,5:22,She's Ideal,Sam Coen(5),Adrian McGuinness,0.040740740740740744,22.0,4.0,9.5,,16,438771,4.166666666666667,Active,Good,1m1f100y,0.0,60.0,0.0,0.0,0.2,1.6094379124341005,-60.0,0,1,0.24,0.7000000000000001,0.20370370370370372,0.0,0.5,24.0,4.149242887392272,10.104470021174588,0.08641782594126768,0.2901192170707889,11.57,-0.64,-0.48,8.6,29.0
Gowran Park,5:22,Keilah,Jack Cleary(5),Mark Michael McNiff,0.0,6.0,6.0,9.5,,16,632U-7,16.666666666666668,Active,Good,1m1f100y,0.0,58.0,0.0,0.0,0.05,2.995732273553991,-58.0,0,1,0.06,0.42500000000000004,0.0,0.1,0.5,6.0,2.774885974076032,3.7424201818532223,0.0320068064130774,0.17041497410877027,31.24,-0.47,-0.16,3.2,17.0
Gowran Park,5:22,Perfect Judgement,Ronan Whelan,P J F Murphy,0.12375,3.0,5.0,9.5,,16,477750,10.833333333333332,Active,Good,1m1f100y,0.0,58.0,0.0,0.0,0.0769230769230769,2.5649493574615367,-58.0,0,1,0.09230769230769231,0.47000000000000003,0.6187499999999999,0.1,0.5,9.230769230769232,5.06287425394307,6.313242746990918,0.05399360002960467,0.21878592006513028,18.52,-0.42,-0.24,5.4,21.9
Gowran Park,5:22,William F Browne,Gary Carroll,Paul W Flynn,0.0,20.0,4.0,9.5,,16,-03787,10.833333333333332,Active,Good,1m1f100y,0.0,56.0,0.0,0.0,0.0769230769230769,2.5649493574615367,-56.0,0,1,0.09230769230769231,0.525,0.0,0.2,0.5,9.230769230769232,3.3953573720060763,5.145980929635023,0.04401066887648481,0.1968234715282666,22.72,-0.52,-0.32,4.4,19.7
Gowran Park,5:22,Giselles Defence,Sean Davis,Sean Davis,0.12375,3.0,6.0,9.5,,16,005905,12.5,Active,Good,1m1f100y,0.0,53.0,0.0,0.0,0.0666666666666666,2.70805020110221,-53.0,0,1,0.08,0.45000000000000007,0.6187499999999999,0.35,0.5,8.0,5.683345651873115,6.37834195631118,0.05455035680439479,0.22001078496966855,18.33,-0.32,-0.15,5.5,22.0
Gowran Park,5:22,Thompson Gunner,Patrick McGettigan(5),Cian Hughes,0.1,5.0,5.0,9.5,,16,44-150,15.833333333333336,Active,Good,1m1f100y,0.0,51.0,0.0,0.0,0.0526315789473684,2.9444389791664403,-51.0,0,1,0.0631578947368421,0.56,0.5,0.45,0.5,6.31578947368421,5.928948913553757,6.0450010815928925,0.051699480545654965,0.21373885720044095,19.34,-0.18,0.01,5.2,21.4
Gowran Park,5:22,Omissions,Dylan Browne McMonagle,Eoin Griffin,0.08166666666666668,7.0,3.0,9.5,,16,9-09,26.666666666666668,Active,Good,1m1f100y,0.0,58.0,0.0,0.0,0.03125,3.4657359027997265,-58.0,0,1,0.0375,0.5,0.4083333333333334,0.1,0.5,3.75,4.440966579628929,4.23367660574025,0.0362082451865148,0.17965813941033257,27.62,-0.03,0.33,3.6,18.0
Gowran Park,5:22,No More Hiding,W J Lee,A Oliver,0.18,6.0,3.0,9.5,,16,70-958,12.083333333333334,Active,Good,1m1f100y,0.0,56.0,0.0,0.0,0.0689655172413793,2.6741486494265287,-56.0,0,1,0.08275862068965517,0.47000000000000003,0.8999999999999999,0.2,0.5,8.275862068965518,6.308125878955451,6.898446735958471,0.058998519273538934,0.22979674240178566,16.95,-0.29,-0.13,5.9,23.0
Gowran Park,5:22,Shelbourne Flyer,Sadhbh Tormey(7),Noel Meade,0.0335483870967742,26.0,5.0,9.5,,16,00-607,20.0,Active,Good,1m1f100y,0.0,48.0,0.0,0.0,0.0416666666666666,3.1780538303479458,-48.0,0,1,0.05,0.48000000000000004,0.16774193548387098,0.6,0.5,5.0,4.921516858850137,4.945061801195096,0.042292321033064274,0.1930431062727414,23.64,-0.15,0.11,4.2,19.3
Gowran Park,5:22,Lohengrin,Siobhan Rutledge,E D Delany,0.0,2.0,6.0,9.5,,16,000000,26.666666666666668,Active,Good,1m1f100y,0.0,47.0,0.0,0.0,0.03125,3.4657359027997265,-47.0,0,1,0.0375,0.5,0.0,0.65,0.5,3.75,4.550123584820325,4.310086509374227,0.03686173594244685,0.18109581907338307,27.13,-0.02,0.34,3.7,18.1
Gowran Park,5:22,Onyeisi,Ben Coen,Karl Thornton,0.14285714285714285,2.0,3.0,9.5,,16,707407,18.333333333333336,Active,Good,1m1f100y,0.0,55.0,0.0,0.0,0.0454545454545454,3.091042453358316,-55.0,0,1,0.054545454545454536,0.48000000000000004,0.7142857142857142,0.25,0.5,5.454545454545453,5.840310142420893,5.724580736058261,0.04895910627660114,0.20771003380852254,20.43,-0.1,0.11,4.9,20.8
Gowran Park,5:22,Cameclose,James Ryan,Jack W Davison,0.0,4.0,3.0,9.5,,16,8-4992,16.25,Active,Good,1m1f100y,0.0,53.0,0.0,0.0,0.0512820512820512,2.970414465569701,-53.0,0,1,0.06153846153846154,0.5900000000000001,0.0,0.35,0.5,6.153846153846154,4.033064086545289,4.669298706735548,0.03993387501381819,0.18785452503040004,25.04,-0.35,-0.1,4.0,18.8
Gowran Park,5:22,La Campanella,Colin Keane,Gerard Keane,0.09272727272727273,6.0,4.0,9.5,,16,5-0754,6.0,Active,Good,1m1f100y,0.0,45.0,0.0,0.0,0.1388888888888889,1.9740810260220096,-45.0,0,1,0.16666666666666666,0.43000000000000005,0.4636363636363636,0.75,0.5,16.666666666666664,6.182778121797866,9.327944685258505,0.07977664325899378,0.2755086151697863,12.53,-0.52,-0.38,8.0,27.6
Gowran Park,5:22,Pimlico Piranha,Rory Cleary,Brendan W Duke,0.2,5.0,3.0,9.5,,16,980,30.0,Active,Good,1m1f100y,0.0,52.0,0.0,0.0,0.0277777777777777,3.58351893845611,-52.0,0,1,0.03333333333333333,0.5,1.0,0.4,0.5,3.3333333333333335,7.307774242287189,5.0,0.04276217642299566,0.19407678813059046,23.39,0.28,0.6,4.3,19.4
Gowran Park,5:22,Tullyesker,Luke McAteer,Donal Kinsella,0.0,1.0,4.0,9.5,,16,008-8,33.333333333333336,Active,Good,1m1f100y,0.0,43.0,0.0,0.0,0.025,3.688879454113936,-43.0,0,1,0.03,0.5,0.0,0.85,0.5,3.0,5.101653716313699,4.471157601419589,0.03823928603338451,0.1841264292734459,26.15,0.27,0.67,3.8,18.4
Gowran Park,5:22,Gold Dublooms,Nathan Crosse,Eamonn O'Connell,0.0,2.0,4.0,9.5,,16,50-900,28.333333333333332,Active,Good,1m1f100y,0.0,40.0,0.0,0.0,0.0294117647058823,3.5263605246161616,-40.0,0,1,0.03529411764705882,0.5,0.0,1.0,0.5,3.5294117647058822,5.515301314933727,4.919534449865373,0.04207400001282959,0.19256280002822512,23.77,0.19,0.51,4.2,19.3
Gowran Park,5:22,Connova,Chris Hayes,Ms Sheila Lavery,0.0,8.0,3.0,9.5,,16,00-433,2.9583333333333335,Active,Good,1m1f100y,0.0,46.0,0.0,0.0,0.2816901408450704,1.2669476034873244,-46.0,0,1,0.3380281690140845,0.655,0.0,0.7,0.5,33.80281690140845,5.222300932577872,13.796455723227044,0.1179932947297366,0.3595852484054205,8.48,-0.65,-0.46,11.8,36.0
Gowran Park,5:22,Georg Zhukov,Conor Cusack(7),Eamonn O'Connell,0.0,2.0,4.0,9.5,,16,2-1005,24.166666666666668,Active,Good,1m1f100y,0.0,53.0,0.0,0.0,0.0344827586206896,3.367295829986474,-53.0,0,1,0.041379310344827586,0.51,0.0,0.35,0.5,4.137931034482759,3.7572990207986017,3.871488624903849,0.03311065591955185,0.17284344302301408,30.2,-0.2,0.17,3.3,17.3
Gowran Park,5:22,Pettus Bridge,Reserve 2,Mrs Denise Foster,0.0,2.0,4.0,9.5,,16,099,41.666666666666664,Active,Good,1m1f100y,0.0,48.0,0.0,0.0,0.02,3.912023005428146,-48.0,0,1,0.024,0.5,0.0,0.6,0.5,2.4,4.412241051946982,3.5999999999999996,0.03078876702455687,0.1677352874540251,32.48,0.28,0.87,3.1,16.8
Gowran Park,5:22,Bang Po,Reserve 3,Liam McAteer,0.0,0.0,6.0,9.5,,16,090060,43.75,Active,Good,1m1f100y,0.0,40.0,0.0,0.0,0.019047619047619,3.960813169597578,-40.0,0,1,0.022857142857142857,0.47000000000000003,0.0,1.0,0.5,2.2857142857142856,5.41188941527872,3.4285714285714284,0.029322635261482734,0.16450979757526202,34.1,0.28,0.92,2.9,16.5
Gowran Park,5:52,Miss Crinshawn,Gary Carroll,Peter Fahey,0.0,12.0,4.0,9.5,,17,342437,9.583333333333334,Active,Good,1m1f100y,0.0,60.0,0.0,0.0,0.0869565217391304,2.4423470353692043,-60.0,0,1,0.10434782608695652,0.5800000000000001,0.0,0.0,0.5,10.434782608695652,3.1942146967316947,5.366385070320882,0.04625807451824006,0.20176776394012813,21.62,-0.56,-0.37,4.6,20.2
Gowran Park,5:52,Walls Cross,Ronan Whelan,Timothy Doyle,0.0,4.0,4.0,9.5,,17,080,40.0,Active,Good,1m1f100y,0.0,57.0,0.0,0.0,0.0208333333333333,3.871201010907891,-57.0,0,1,0.025,0.5,0.0,0.16666666666666666,0.5,2.5,3.3878034662305843,3.121462426361409,0.02690691026312775,0.15919520257888106,37.17,0.08,0.71,2.7,15.9
Gowran Park,5:52,Medieval Night,W J Lee,Denis Gerard Hogan,0.03393939393939394,28.0,4.0,9.5,,17,830476,7.666666666666667,Active,Good,1m1f100y,0.0,56.0,0.0,0.0,0.108695652173913,2.2192034840549946,-56.0,0,1,0.13043478260869565,0.44000000000000006,0.18855218855218858,0.2222222222222222,0.5,13.043478260869565,4.015744815779385,6.724064849306439,0.05796123252223068,0.2275147115489075,17.25,-0.56,-0.39,5.8,22.8
Gowran Park,5:52,Nibras Rainbow,Leigh Roche,Paul W Flynn,0.0,20.0,6.0,9.5,,17,013213,8.750000000000002,Active,Good,1m1f100y,0.0,56.0,0.0,0.0,0.0952380952380952,2.3513752571634776,-56.0,0,1,0.11428571428571427,0.8250000000000001,0.0,0.2222222222222222,0.5,11.428571428571427,4.728809004946858,6.738737732034228,0.05808771232077761,0.22779296710571076,17.22,-0.49,-0.33,5.8,22.8
Gowran Park,5:52,Urban War,Gavin Ryan,John Joseph Hanlon,0.0,20.0,8.0,9.5,,17,32/065,17.500000000000004,Active,Good,1m1f100y,0.0,56.0,0.0,0.0,0.0476190476190476,3.044522437723423,-56.0,0,1,0.057142857142857134,0.45500000000000007,0.0,0.2222222222222222,0.5,5.7142857142857135,3.3857869165483048,4.084336555869527,0.035206855692092046,0.1774550825226025,28.4,-0.38,-0.09,3.5,17.7
Gowran Park,5:52,Brewel Hill,Robbie Colgan,Peter McCreery,0.0,0.0,10.0,9.5,,17,030-50,26.666666666666668,Active,Good,1m1f100y,0.0,55.0,0.0,0.0,0.03125,3.4657359027997265,-55.0,0,1,0.0375,0.49500000000000005,0.0,0.2777777777777778,0.5,3.75,3.6923024682548813,3.709611727778417,0.03197673918078534,0.17034882619772776,31.27,-0.15,0.26,3.2,17.0
Gowran Park,5:52,Rockbury Lad,Dylan Browne McMonagle,M D O'Callaghan,0.10833333333333332,13.0,7.0,9.5,,17,006079,11.250000000000002,Active,Good,1m1f100y,0.0,54.0,0.0,0.0,0.074074074074074,2.602689685444384,-54.0,0,1,0.08888888888888888,0.49000000000000005,0.6018518518518519,0.3333333333333333,0.5,8.888888888888888,6.020072984833555,6.880717756050155,0.0593115757679524,0.2304854666894953,16.86,-0.33,-0.18,5.9,23.0
Gowran Park,5:52,Chapel Island,Wesley Joyce(3),A Oliver,0.18,6.0,3.0,9.5,,17,7-8544,9.583333333333334,Active,Good,1m1f100y,0.0,58.0,0.0,0.0,0.0869565217391304,2.4423470353692043,-58.0,0,1,0.10434782608695652,0.41000000000000003,1.0,0.1111111111111111,0.5,10.434782608695652,6.529587871222995,7.7011462924647915,0.06638364455858982,0.2460440180288976,15.06,-0.36,-0.23,6.6,24.6
Gowran Park,5:52,Cleopatra's Needle,Chris Hayes,H Rogers,0.08166666666666668,7.0,8.0,9.5,,17,20-229,20.833333333333332,Active,Good,1m1f100y,0.0,50.0,0.0,0.0,0.04,3.218875824868201,-50.0,0,1,0.048,0.625,0.4537037037037038,0.5555555555555556,0.5,4.8,6.617643874015894,6.072350711811126,0.052343476669491226,0.21515564867288073,19.1,0.09,0.28,5.2,21.5
Gowran Park,5:52,Invincible Destiny,Shane Foley,Mrs John Harrington,0.0593939393939394,28.0,3.0,9.5,,17,007,28.333333333333332,Active,Good,1m1f100y,0.0,58.0,0.0,0.0,0.0294117647058823,3.5263605246161616,-58.0,0,1,0.03529411764705882,0.5,0.32996632996633,0.1111111111111111,0.5,3.5294117647058822,4.424187787790302,4.155754980864976,0.035822480322476105,0.17880945670944742,27.92,0.01,0.4,3.6,17.9
Gowran Park,5:52,Money Shuffler,James Ryan,W M Roper,0.0,1.0,6.0,9.5,,17,0680-,17.500000000000004,Active,Good,1m1f100y,0.0,50.0,0.0,0.0,0.0476190476190476,3.044522437723423,-50.0,0,1,0.057142857142857134,0.48000000000000004,0.0,0.5555555555555556,0.5,5.7142857142857135,4.444475499745362,4.825418564107467,0.04159495984637478,0.19150891166202452,24.04,-0.27,-0.02,4.2,19.2
Gowran Park,5:52,Chavajod,Paddy Harnett(5),D P Coakley,0.0,0.0,8.0,9.5,,17,000-00,23.333333333333336,Active,Good,1m1f100y,0.0,49.0,0.0,0.0,0.0357142857142857,3.332204510175204,-49.0,0,1,0.04285714285714285,0.5,0.0,0.6111111111111112,0.5,4.285714285714285,4.678395262889856,4.560590969737184,0.03931215411507934,0.18648673905317456,25.44,-0.08,0.23,3.9,18.6
Gowran Park,5:52,Chou Chou,Conor Cusack(7),Eamonn O'Connell,0.0,2.0,5.0,9.5,,17,179-90,25.0,Active,Good,1m1f100y,0.0,49.0,0.0,0.0,0.0333333333333333,3.4011973816621555,-49.0,0,1,0.04,0.5,0.0,0.6111111111111112,0.5,4.0,4.678395262889856,4.474876684022899,0.03857329960428813,0.1848612591294339,25.92,-0.04,0.29,3.9,18.5
Gowran Park,5:52,Thegooseiscooked,Colin Keane,Gerard Keane,0.09272727272727273,6.0,9.0,9.5,,17,64-003,7.666666666666667,Active,Good,1m1f100y,0.0,48.0,0.0,0.0,0.108695652173913,2.2192034840549946,-48.0,0,1,0.13043478260869565,0.5900000000000001,0.5151515151515151,0.6666666666666666,0.5,13.043478260869565,7.036291809570471,8.838447744960199,0.0761871481554887,0.26761172594207516,13.13,-0.42,-0.29,7.6,26.8
Gowran Park,5:52,Nephin Mountain,Terry Casey(7),Michael Mulvany,0.057777777777777775,13.0,3.0,9.5,,17,840516,16.666666666666668,Active,Good,1m1f100y,0.0,54.0,0.0,0.0,0.05,2.995732273553991,-54.0,0,1,0.06,0.5900000000000001,0.32098765432098764,0.3333333333333333,0.5,6.0,5.363574032713475,5.554501822899432,0.04787963514888403,0.20533519732754488,20.89,-0.2,0.01,4.8,20.5
Gowran Park,5:52,Duchess Anne,Ben Coen,Mrs Denise Foster,0.0,2.0,5.0,9.5,,17,006-42,4.833333333333333,Active,Good,1m1f100y,0.0,43.0,0.0,0.0,0.1724137931034483,1.7578579175523736,-43.0,0,1,0.20689655172413796,0.55,0.0,0.9444444444444444,0.5,20.689655172413797,5.827828581789518,10.286376558976801,0.08866825007013047,0.29507015015428706,11.28,-0.57,-0.42,8.9,29.5
Gowran Park,5:52,Reponse Finale,Robert Whearty,Gavin Cromwell,0.0335483870967742,26.0,4.0,9.5,,17,60-084,3.916666666666667,Active,Good,1m1f100y,0.0,42.0,0.0,0.0,0.2127659574468085,1.547562508716013,-42.0,0,1,0.2553191489361702,0.4600000000000001,0.18637992831541222,1.0,0.5,25.53191489361702,6.338991401252652,12.096868448961962,0.10427463456623876,0.3294041960457253,9.59,-0.59,-0.43,10.4,32.9
Gowran Park,5:52,Shahada Ace,,Andrew Slattery,0.07783783783783783,32.0,4.0,9.5,,17,990006,39.583333333333336,Active,Good,1m1f100y,0.0,43.0,0.0,0.0,0.0210526315789473,3.8607297110405954,-43.0,0,1,0.02526315789473684,0.4600000000000001,0.4324324324324324,0.9444444444444444,0.5,2.526315789473684,7.070786204872766,3.789473684210526,0.03266514679287421,0.17186332294432327,30.61,0.29,0.83,3.3,17.2
Gowran Park,5:52,Winston's Promise,,Liam P Cusack,0.0,1.0,3.0,9.5,,17,088,41.666666666666664,Active,Good,1m1f100y,0.0,50.0,0.0,0.0,0.02,3.912023005428146,-50.0,0,1,0.024,0.5,0.0,0.5555555555555556,0.5,2.4,4.517071288307446,3.5999999999999996,0.031031889453230502,0.1682701567971071,32.22,0.29,0.88,3.1,16.8
Gowran Park,5:52,Dancing Steve,,Adrian McGuinness,0.040740740740740744,22.0,5.0,9.5,,17,0-0008,43.75,Active,Good,1m1f100y,0.0,58.0,0.0,0.0,0.019047619047619,3.960813169597578,-58.0,0,1,0.022857142857142857,0.5,0.2263374485596708,0.1111111111111111,0.5,2.2857142857142856,4.048036769614146,3.4285714285714284,0.0295541804316481,0.16501919694962583,33.84,0.29,0.93,3.0,16.5
Kempton (AW),5:30,Coaxed,Robert Havlin,John & Thady Gosden,0.09333333333333334,28.0,2.0,7.0,Class 3,12,,5.5,Active,Standard / Slow,7f,0.0,0.0,0.0,0.0,0.1515151515151515,1.88706964903238,0.0,0,0,0.18181818181818182,0.5,0.3579545454545455,0.5,0.5,18.181818181818183,7.789188323855788,10.906977281244506,0.11106391122411004,0.3443406046930421,9.0,-0.39,-0.35,11.1,34.4
Kempton (AW),5:30,Cullenagh Rainbow,Charles Bishop,Alan King,0.07071428571428572,9.0,2.0,7.0,Class 3,12,,35.00000000000001,Active,Standard / Slow,7f,0.0,0.0,0.0,0.0,0.0238095238095238,3.737669618283368,0.0,0,0,0.028571428571428567,0.5,0.27120535714285715,0.5,0.5,2.8571428571428568,7.355474922734557,4.285714285714285,0.04364070619079536,0.1960095536197498,22.91,0.53,0.53,4.4,19.6
Kempton (AW),5:30,Friendly Force,David Egan,Kevin Philippart De Foy,0.04571428571428571,16.0,2.0,7.0,Class 3,12,,8.333333333333334,Active,Standard / Slow,7f,0.0,0.0,0.0,0.0,0.1,2.302585092994046,0.0,0,0,0.12,0.5,0.1753246753246753,0.5,0.5,12.0,6.8761074793900425,8.413275235573028,0.08567096362018536,0.2884761199644078,11.67,-0.29,-0.29,8.6,28.8
Kempton (AW),5:30,Marsala,Edward Greatrex,Ralph Beckett,0.13076923076923078,34.0,2.0,7.0,Class 3,12,4,2.3666666666666663,Active,Standard / Slow,7f,0.0,0.0,0.0,0.0,0.352112676056338,1.043804052173115,0.0,0,0,0.4225352112676057,0.4,0.5015297202797203,0.5,0.5,42.25352112676057,8.007047852523359,18.28098983479452,0.1861522381266764,0.509534923878688,5.37,-0.56,-0.35,18.6,51.0
Kempton (AW),5:30,Miss Miniver,Jack Mitchell,Roger Varian,0.1603125,27.0,2.0,7.0,Class 3,12,,5.666666666666666,Active,Standard / Slow,7f,0.0,0.0,0.0,0.0,0.1470588235294117,1.916922612182061,0.0,0,0,0.17647058823529413,0.5,0.6148348721590909,0.5,0.5,17.647058823529413,9.073493599149636,11.645563166463567,0.11858480680059655,0.3608865749613124,8.43,-0.33,-0.3,11.9,36.1
Kempton (AW),5:30,Please Don't Go,Cieren Fallon,Richard Hughes,0.08571428571428572,30.0,2.0,7.0,Class 3,12,0,14.583333333333336,Active,Standard / Slow,7f,0.0,0.0,0.0,0.0,0.0571428571428571,2.862200880929469,0.0,0,0,0.06857142857142856,0.5,0.32873376623376627,0.5,0.5,6.857142857142856,7.643095388741268,7.407309629261745,0.07542738541213428,0.26594024790669546,13.26,0.1,-0.01,7.5,26.6
Kempton (AW),5:30,South China Sea,George Wood,David Simcock,0.0,7.0,2.0,7.0,Class 3,12,,36.66666666666667,Active,Standard / Slow,7f,0.0,0.0,0.0,0.0,0.0227272727272727,3.784189633918261,0.0,0,0,0.027272727272727268,0.5,0.0,0.5,0.5,2.7272727272727266,5.999549868702926,4.09090909090909,0.041657037727577395,0.1916454830006703,24.01,0.53,0.56,4.2,19.2
Kempton (AW),5:30,Speed Nation,Harry Davies,Simon & Ed Crisford,0.2607407407407407,22.0,2.0,7.0,Class 3,12,7,21.666666666666664,Active,Standard / Slow,7f,0.0,0.0,0.0,0.0,0.0384615384615384,3.258096538021482,0.0,0,0,0.046153846153846156,0.5,1.0,0.5,0.5,4.615384615384616,10.999174759288696,6.923076923076923,0.07049652538513099,0.2550923558472882,14.19,0.53,0.31,7.0,25.5
Kempton (AW),5:30,Spirit Of Progress,Stevie Donohoe,Daisy Hitchins,0.0,2.0,2.0,7.0,Class 3,12,0,50.0,Active,Standard / Slow,7f,0.0,0.0,0.0,0.0,0.0166666666666666,4.0943445622221,0.0,0,0,0.02,0.5,0.0,0.5,0.5,2.0,5.999549868702926,3.0,0.03054849433355676,0.1672066875338249,32.73,0.53,0.81,3.1,16.7
Kempton (AW),5:30,Sweet Katarina,Kaiya Fraser,William Muir & Chris Grassick,0.13333333333333333,25.0,2.0,7.0,Class 3,12,,28.333333333333332,Active,Standard / Slow,7f,0.0,0.0,0.0,0.0,0.0294117647058823,3.5263605246161616,0.0,0,0,0.03529411764705882,0.5,0.5113636363636364,0.5,0.5,3.5294117647058822,8.556176233207012,5.294117647058823,0.05390910764745311,0.21860003682439685,18.55,0.53,0.41,5.4,21.9
Kempton (AW),5:30,Sweltering,P J McDonald,Andrew Balding,0.13749999999999998,55.0,2.0,7.0,Class 3,12,,12.083333333333334,Active,Standard / Slow,7f,0.0,0.0,0.0,0.0,0.0689655172413793,2.6741486494265287,0.0,0,0,0.08275862068965517,0.5,0.52734375,0.5,0.5,8.275862068965518,8.636070807097767,8.528008185658091,0.08683926991203396,0.29104639380647473,11.52,0.05,-0.06,8.7,29.1
Kempton (AW),5:30,Thuritha,Dylan Hogan,David Simcock,0.0,7.0,2.0,7.0,Class 3,12,5,35.00000000000001,Active,Standard / Slow,7f,0.0,0.0,0.0,0.0,0.0238095238095238,3.737669618283368,0.0,0,0,0.028571428571428567,0.4,0.0,0.5,0.5,2.8571428571428568,5.499587379644349,4.285714285714285,0.04364070619079536,0.1960095536197498,22.91,0.53,0.53,4.4,19.6
Kempton (AW),5:30,Woollahra,Neil Callan,Jack Morland,0.08166666666666668,7.0,2.0,7.0,Class 3,12,,29.16666666666667,Active,Standard / Slow,7f,0.0,0.0,0.0,0.0,0.0285714285714285,3.555348061489413,0.0,0,0,0.03428571428571428,0.5,0.31321022727272735,0.5,0.5,3.428571428571428,7.565483516961679,5.142857142857142,0.052368847428954445,0.2152114643436998,19.1,0.53,0.43,5.2,21.5
Kempton (AW),6:00,It Would Be You,George Wood,Jennie Candlish,0.36318181818181816,17.0,4.0,12.0,Class 3,5,,25.0,Active,Standard / Slow,1m3f219y,0.0,0.0,0.0,0.0,0.0333333333333333,3.4011973816621555,0.0,0,0,0.04,0.5,1.0,1.0,0.5,4.0,29.309628579393866,6.0,0.06551021792384243,0.24412247943245335,15.26,0.64,0.71,6.6,24.4
Kempton (AW),6:00,Manaar,Cieren Fallon,William Haggas,0.1272727272727273,50.0,3.0,12.0,Class 3,5,12,1.2916666666666667,Active,Standard / Slow,1m3f219y,0.0,88.0,0.0,0.0,0.6451612903225806,0.4382549309311553,-88.0,0,1,0.7741935483870968,0.8571428571428572,0.0,0.0,0.5,77.41935483870968,13.044395136982986,32.35688304750099,0.35328440996301214,0.85,2.83,-0.54,-0.09,35.3,85.0
Kempton (AW),6:00,Arrivera,David Egan,Tom Clover,0.18545454545454546,17.0,3.0,12.0,Class 3,5,62,6.333333333333334,Active,Standard / Slow,1m3f219y,0.0,0.0,0.0,0.0,0.131578947368421,2.028148247292285,0.0,0,0,0.15789473684210525,0.6000000000000001,0.24662813102119457,1.0,0.5,15.789473684210526,21.94421057785803,20.09778950976378,0.21943509509535655,0.5827572092097845,4.56,0.39,0.36,21.9,58.3
Kempton (AW),6:00,Ladykirk,Edward Greatrex,Jane Chapple-Hyam,0.185625,11.0,3.0,12.0,Class 3,5,2-55,5.833333333333334,Active,Standard / Slow,1m3f219y,0.0,74.0,0.0,0.0,0.1428571428571428,1.9459101490553128,-74.0,0,1,0.1714285714285714,0.47777777777777786,0.2473506743737958,0.1590909090909091,0.5,17.14285714285714,12.990942516685266,14.236516904536828,0.15543955414877902,0.44196701912731384,6.43,-0.09,-0.02,15.5,44.2
Kempton (AW),6:00,Lunella,Jack Mitchell,Ollie Sangster,0.16611111111111113,13.0,3.0,12.0,Class 3,5,32,10.0,Active,Standard / Slow,1m3f219y,0.0,0.0,0.0,0.0,0.0833333333333333,2.4849066497880004,0.0,0,0,0.1,0.75,0.16463284093341898,1.0,0.5,10.0,22.710823189079846,18.897576232355892,0.2063307228690099,0.5539275903118218,4.85,1.06,0.8,20.6,55.4
Kempton (AW),6:30,Percy's Lad,Ebrahim Nader,Daniel & Claire Kubler,0.30000000000000004,15.0,8.0,7.0,Class 4,12,/00626,4.166666666666667,Active,Standard / Slow,7f,0.0,86.0,0.0,0.0,0.2,1.6094379124341005,-86.0,0,1,0.24,0.515,1.0,0.0,0.5,24.0,10.371386348023108,14.459970443616175,0.13416035369221235,0.3951527781228672,7.45,-0.44,-0.35,13.4,39.5
Kempton (AW),6:30,Dapper Guest,Tom Queally,George Margarson,0.09272727272727273,6.0,4.0,7.0,Class 4,12,086408,6.666666666666667,Active,Standard / Slow,7f,0.0,85.0,0.0,0.0,0.125,2.079441541679836,-85.0,0,1,0.15,0.47000000000000003,0.309090909090909,0.05555555555555555,0.5,15.0,6.420175882742633,8.994123117919843,0.08344793949313686,0.28358546688490116,11.98,-0.44,-0.4,8.3,28.4
Kempton (AW),6:30,Eminency,Cieren Fallon,Stuart Williams,0.07783783783783783,32.0,6.0,7.0,Class 4,12,435477,10.833333333333332,Active,Standard / Slow,7f,0.0,83.0,0.0,0.0,0.0769230769230769,2.5649493574615367,-83.0,0,1,0.09230769230769231,0.47000000000000003,0.2594594594594594,0.16666666666666666,0.5,9.230769230769232,6.644503193802112,7.420383004892248,0.06884669732554888,0.25146273411620756,14.53,-0.25,-0.25,6.9,25.1
Kempton (AW),6:30,Cogitate,Charles Bishop,Eve Johnson Houghton,0.1515217391304348,41.0,5.0,7.0,Class 4,12,207354,3.666666666666667,Active,Standard / Slow,7f,0.0,83.0,0.0,0.0,0.2272727272727272,1.4816045409242156,-83.0,0,1,0.2727272727272727,0.48000000000000004,0.5050724637681159,0.16666666666666666,0.5,27.27272727272727,8.105142986234052,13.855418272182016,0.1285512873762567,0.38281283222776474,7.78,-0.53,-0.41,12.9,38.3
Kempton (AW),6:30,Brosay,Nicola Currie,Charlie Pike,0.0,6.0,4.0,7.0,Class 4,12,560609,17.500000000000004,Active,Standard / Slow,7f,0.0,82.0,0.0,0.0,0.0476190476190476,3.044522437723423,-82.0,0,1,0.057142857142857134,0.48000000000000004,0.0,0.2222222222222222,0.5,5.7142857142857135,5.472993591671821,5.545381228455988,0.05145033386262974,0.21319073449778544,19.44,-0.1,-0.08,5.1,21.3
Kempton (AW),6:30,Orchid,Billy Loughnane,George Boughey,0.2,25.0,4.0,7.0,Class 4,12,54-694,16.25,Active,Standard / Slow,7f,0.0,81.0,0.0,0.0,0.0512820512820512,2.970414465569701,-81.0,0,1,0.06153846153846154,0.43000000000000005,0.6666666666666666,0.2777777777777778,0.5,6.153846153846154,9.250755989635548,8.32168303889873,0.07720900565920776,0.2698598124502571,12.95,0.25,0.09,7.7,27.0
Kempton (AW),6:30,Flag Of St George,Kaiya Fraser,Jane Chapple-Hyam,0.185625,11.0,5.0,7.0,Class 4,12,025-87,13.75,Active,Standard / Slow,7f,0.0,80.0,0.0,0.0,0.0606060606060606,2.803360380906535,-80.0,0,1,0.07272727272727272,0.5050000000000001,0.6187499999999999,0.3333333333333333,0.5,7.2727272727272725,9.659484484373221,8.943457320879435,0.08297785960759742,0.28255129113671434,12.05,0.14,0.0,8.3,28.3
Kempton (AW),6:30,Sea Founder,Finley Marsh,Richard Hughes,0.08571428571428572,30.0,4.0,7.0,Class 4,12,144196,4.166666666666667,Active,Standard / Slow,7f,0.0,77.0,0.0,0.0,0.2,1.6094379124341005,-77.0,0,1,0.24,0.55,0.2857142857142857,0.5,0.5,24.0,8.775474477862922,13.342832134504043,0.12379548667827105,0.3723500706921963,8.08,-0.48,-0.39,12.4,37.2
Kempton (AW),6:30,Longlai,Benoit de la Sayette,George Baker,0.04571428571428571,16.0,8.0,7.0,Class 4,12,0070-4,21.666666666666664,Active,Standard / Slow,7f,0.0,76.0,0.0,0.0,0.0384615384615384,3.258096538021482,-76.0,0,1,0.046153846153846156,0.4600000000000001,0.15238095238095234,0.5555555555555556,0.5,4.615384615384616,7.753256417237441,6.811894876681594,0.06320111299904052,0.23904244859788917,15.82,0.37,0.23,6.3,23.9
Kempton (AW),6:30,Arctician,Harry Davies,Simon Dow,0.0,8.0,8.0,7.0,Class 4,12,4-3478,16.666666666666668,Active,Standard / Slow,7f,0.0,75.0,0.0,0.0,0.05,2.995732273553991,-75.0,0,1,0.06,0.5050000000000001,0.0,0.6111111111111112,0.5,6.0,7.393620693157582,6.975534485210307,0.06471936975093863,0.242382613452065,15.45,0.08,0.0,6.5,24.2
Kempton (AW),6:30,Peter The Wolf,Edward Greatrex,Warren Greatrex,0.1,5.0,4.0,7.0,Class 4,12,10-607,16.25,Active,Standard / Slow,7f,0.0,73.0,0.0,0.0,0.0512820512820512,2.970414465569701,-73.0,0,1,0.06153846153846154,0.48000000000000004,0.3333333333333333,0.7222222222222222,0.5,6.153846153846154,9.663452722186209,8.610570751684191,0.07988932080063617,0.2757565057613996,12.52,0.3,0.12,8.0,27.6
Kempton (AW),6:30,Nezeeh,William Cox,Jim & Suzi Best,0.07071428571428572,9.0,5.0,7.0,Class 4,12,-09088,33.333333333333336,Active,Standard / Slow,7f,0.0,68.0,0.0,0.0,0.025,3.688879454113936,-68.0,0,1,0.03,0.5,0.23571428571428568,1.0,0.5,3.0,10.489753213073351,4.5,0.041751232754523936,0.1918527120599527,23.95,0.39,0.43,4.2,19.2
Kempton (AW),7:00,Wild Nature,Jack Mitchell,Michael Attwater,0.09272727272727273,17.0,4.0,7.0,Class 4,11,91-300,7.0,Active,Standard / Slow,7f,0.0,85.0,0.0,0.0,0.119047619047619,2.128231705849268,-85.0,0,1,0.14285714285714285,0.6000000000000001,0.4231601731601731,0.0,0.5,14.285714285714285,7.634467394982365,9.629841462201941,0.09249222545311385,0.3034828959968505,10.81,-0.35,-0.33,9.2,30.3
Kempton (AW),7:00,Philanthropist,George Wood,James Fanshawe,0.16000000000000003,20.0,4.0,7.0,Class 4,11,-71340,3.8333333333333335,Active,Standard / Slow,7f,0.0,84.0,0.0,0.0,0.2173913043478261,1.5260563034950492,-84.0,0,1,0.2608695652173913,0.5700000000000001,0.7301587301587302,0.07692307692307693,0.5,26.08695652173913,9.587783314280777,14.537535276518282,0.13962940050529854,0.40718468111165684,7.16,-0.46,-0.36,14.0,40.7
Kempton (AW),7:00,Metal Merchant,David Egan,John Butler,0.2191304347826087,18.0,6.0,7.0,Class 4,11,0-0004,5.833333333333334,Active,Standard / Slow,7f,0.0,83.0,0.0,0.0,0.1428571428571428,1.9459101490553128,-83.0,0,1,0.1714285714285714,0.4600000000000001,1.0,0.15384615384615385,0.5,17.14285714285714,10.865116456111911,12.748438662135479,0.1224455737450749,0.36938026223916487,8.17,-0.29,-0.27,12.2,36.9
Kempton (AW),7:00,Chalk Mountain,Alfie Redman(7),Zoe Hawkins,0.0,4.0,6.0,7.0,Class 4,11,-18672,4.666666666666667,Active,Standard / Slow,7f,0.0,82.0,0.0,0.0,0.1785714285714285,1.7227665977411035,-82.0,0,1,0.21428571428571427,0.5800000000000001,0.0,0.23076923076923078,0.5,21.428571428571427,6.142696558520788,10.728459019535979,0.10304417308366749,0.3266971807840685,9.7,-0.52,-0.43,10.3,32.7
Kempton (AW),7:00,Racingbreaks Ryder,Jason Watson,Charles Hills,0.2,25.0,6.0,7.0,Class 4,11,003-81,15.833333333333336,Active,Standard / Slow,7f,0.0,82.0,0.0,0.0,0.0526315789473684,2.9444389791664403,-82.0,0,1,0.0631578947368421,0.75,0.9126984126984127,0.23076923076923078,0.5,6.31578947368421,12.389729909444194,9.473684210526315,0.09099237399815353,0.3001832227959378,10.99,0.44,0.19,9.1,30.0
Kempton (AW),7:00,Bridget's View,Cieren Fallon,Stuart Williams,0.07783783783783783,32.0,4.0,7.0,Class 4,11,558776,14.583333333333336,Active,Standard / Slow,7f,0.0,80.0,0.0,0.0,0.0571428571428571,2.862200880929469,-80.0,0,1,0.06857142857142856,0.4600000000000001,0.35521235521235517,0.38461538461538464,0.5,6.857142857142856,8.209980526521639,7.804129225708003,0.07495671477486288,0.26490477250469835,13.34,0.09,-0.02,7.5,26.5
Kempton (AW),7:00,Kiniro,Billy Loughnane,Dan Horsford,0.0,1.0,4.0,7.0,Class 4,11,1-8028,6.666666666666667,Active,Standard / Slow,7f,0.0,78.0,0.0,0.0,0.125,2.079441541679836,-78.0,0,1,0.15,0.575,0.0,0.5384615384615384,0.5,15.0,7.534123849775315,9.77388669484272,0.09387574398611892,0.3065266367694617,10.65,-0.37,-0.35,9.4,30.7
Kempton (AW),7:00,Kitaro Kich,Neil Callan,George Baker,0.04571428571428571,16.0,6.0,7.0,Class 4,11,216-47,18.333333333333336,Active,Standard / Slow,7f,0.0,77.0,0.0,0.0,0.0454545454545454,3.091042453358316,-77.0,0,1,0.054545454545454536,0.5,0.20861678004535142,0.6153846153846154,0.5,5.454545454545453,8.660144991473608,7.698465130395161,0.07394183749320304,0.2626720424850467,13.52,0.36,0.17,7.4,26.3
Kempton (AW),7:00,Lady Mariko,Stevie Donohoe,Dylan Cunha,0.09333333333333334,28.0,4.0,7.0,Class 4,11,160606,17.500000000000004,Active,Standard / Slow,7f,0.0,75.0,0.0,0.0,0.0476190476190476,3.044522437723423,-75.0,0,1,0.057142857142857134,0.44000000000000006,0.42592592592592593,0.7692307692307693,0.5,5.7142857142857135,10.277937262496085,8.57142857142857,0.082326433617377,0.2811181539582294,12.15,0.44,0.21,8.2,28.1
Kempton (AW),7:00,How Impressive,Robert Havlin,Hugo Palmer,0.052307692307692305,34.0,7.0,7.0,Class 4,11,P42900,36.66666666666667,Active,Standard / Slow,7f,0.0,74.0,0.0,0.0,0.0227272727272727,3.784189633918261,-74.0,0,1,0.027272727272727268,0.525,0.23870573870573866,0.8461538461538461,0.5,2.7272727272727266,10.043208833853187,4.09090909090909,0.03929216149920266,0.18644275529824586,25.45,0.44,0.52,3.9,18.6
Kempton (AW),7:00,Berry Clever,Silvestre De Sousa,Chris Dwyer,0.0,2.0,5.0,7.0,Class 4,11,214544,10.0,Active,Standard / Slow,7f,0.0,72.0,0.0,0.0,0.0833333333333333,2.4849066497880004,-72.0,0,1,0.1,0.4,0.0,1.0,0.5,10.0,8.654810902540127,9.05836763177809,0.08700336184392715,0.2914073960566398,11.49,-0.13,-0.18,8.7,29.1
Kempton (AW),7:30,Warrior Mode,Dylan Hogan,Sir Mark Prescott Bt,0.1406896551724138,24.0,4.0,8.0,Class 4,10,4380-3,2.483333333333333,Active,Standard / Slow,1m,0.0,81.0,0.0,0.0,0.3355704697986577,1.091923300517313,-81.0,0,1,0.40268456375838935,0.625,0.6420361247947455,0.0,0.5,40.26845637583894,9.753540597576627,18.90801533105532,0.19279046993864402,0.5241390338650169,5.19,-0.52,-0.32,19.3,52.4
Kempton (AW),7:30,Foreseen,Seamus Cronin(5),Tony Carroll,0.09056603773584906,48.0,5.0,8.0,Class 4,10,613418,7.0,Active,Standard / Slow,1m,0.0,79.0,0.0,0.0,0.119047619047619,2.128231705849268,-79.0,0,1,0.14285714285714285,0.655,0.4132973944294699,0.14285714285714285,0.5,14.285714285714285,9.227888439412316,10.745236193302906,0.10956089780116397,0.34103397516256073,9.13,-0.23,-0.25,11.0,34.1
Kempton (AW),7:30,Stardancer,Georgia Dobie,Clive Cox,0.09272727272727273,17.0,4.0,8.0,Class 4,10,237-61,8.750000000000002,Active,Standard / Slow,1m,0.0,77.0,0.0,0.0,0.0952380952380952,2.3513752571634776,-77.0,0,1,0.11428571428571427,0.6950000000000001,0.4231601731601731,0.2857142857142857,0.5,11.428571428571427,10.249580897763499,10.603278057005877,0.10811346001728574,0.33784961203802866,9.25,-0.05,-0.14,10.8,33.8
Kempton (AW),7:30,Grey Soul,Jason Watson,Dan Horsford,0.0,1.0,4.0,8.0,Class 4,10,61-411,5.666666666666666,Active,Standard / Slow,1m,0.0,77.0,0.0,0.0,0.1470588235294117,1.916922612182061,-77.0,0,1,0.17647058823529413,0.88,0.0,0.2857142857142857,0.5,17.647058823529413,8.767225206730602,11.431175291770245,0.11655489049830375,0.35642075909626825,8.58,-0.34,-0.31,11.7,35.6
Kempton (AW),7:30,Metallo,David Egan,John Butler,0.2191304347826087,18.0,5.0,8.0,Class 4,10,046440,4.083333333333334,Active,Standard / Slow,1m,0.0,75.0,0.0,0.0,0.2040816326530612,1.589235205116581,-75.0,0,1,0.24489795918367344,0.44000000000000006,1.0,0.42857142857142855,0.5,24.489795918367342,12.964111918268983,16.421817118298492,0.16744062155922376,0.46836936743029234,5.97,-0.32,-0.24,16.7,46.8
Kempton (AW),7:30,Kindest Nation,Robert Havlin,Hugo Palmer,0.052307692307692305,34.0,5.0,8.0,Class 4,10,1496-0,22.500000000000004,Active,Standard / Slow,1m,0.0,73.0,0.0,0.0,0.037037037037037,3.295836866004329,-73.0,0,1,0.04444444444444444,0.46,0.23870573870573866,0.5714285714285714,0.5,4.444444444444444,9.061487580826585,6.666666666666666,0.06797486553123208,0.2495447041687106,14.71,0.53,0.32,6.8,25.0
Kempton (AW),7:30,I Am Me,Cieren Fallon,Mike Murphy,0.0,7.0,4.0,8.0,Class 4,10,5-3319,16.666666666666668,Active,Standard / Slow,1m,0.0,71.0,0.0,0.0,0.05,2.995732273553991,-71.0,0,1,0.06,0.7250000000000001,0.0,0.7142857142857143,0.5,6.0,9.936484957932505,8.755539470552753,0.08927349272463275,0.2964016839941921,11.2,0.49,0.23,8.9,29.6
Kempton (AW),7:30,Beauty By My Side,Jack Mitchell,Joseph Parr,0.0,4.0,4.0,8.0,Class 4,10,06-000,24.166666666666668,Active,Standard / Slow,1m,0.0,69.0,0.0,0.0,0.0344827586206896,3.367295829986474,-69.0,0,1,0.041379310344827586,0.49000000000000005,0.0,0.8571428571428571,0.5,4.137931034482759,9.185135536057517,6.206896551724139,0.06328694377045746,0.23923127629500643,15.8,0.53,0.35,6.3,23.9
Kempton (AW),7:30,Lili Marleen,Finley Marsh,Jack Jones,0.05647058823529412,12.0,4.0,8.0,Class 4,10,1-0FP9,41.666666666666664,Active,Standard / Slow,1m,0.0,68.0,0.0,0.0,0.02,3.912023005428146,-68.0,0,1,0.024,0.25,0.25770308123249297,0.9285714285714286,0.5,2.4,9.650991355816181,3.5999999999999996,0.03670642738686532,0.1807541402511037,27.24,0.53,0.65,3.7,18.1
Kempton (AW),7:30,Cotswold Cottage,Nicola Currie,Faye Bramley,0.0,3.0,6.0,8.0,Class 4,10,31461-,31.66666666666667,Active,Standard / Slow,1m,0.0,67.0,0.0,0.0,0.0263157894736842,3.6375861597263857,-67.0,0,1,0.03157894736842105,0.7000000000000001,0.0,1.0,0.5,3.157894736842105,11.20355350961517,4.7368421052631575,0.04829793077219121,0.20625544769882068,20.7,0.53,0.47,4.8,20.6
Kempton (AW),8:00,Final Night,Billy Loughnane,John Butler,0.2191304347826087,18.0,4.0,8.0,Class 4,9,623602,3.0,Active,Standard / Slow,1m,0.0,80.0,0.0,0.0,0.2777777777777778,1.2809338454620642,-80.0,0,1,0.3333333333333333,0.6050000000000001,1.0,0.13333333333333333,0.5,33.33333333333333,11.660561108837959,18.162392776186568,0.1890193518179909,0.51584257399958,5.29,-0.43,-0.28,18.9,51.6
Kempton (AW),8:00,Gallant,Cieren Fallon,Oli Rix,0.0,6.0,4.0,8.0,Class 4,9,607573,4.75,Active,Standard / Slow,1m,0.0,78.0,0.0,0.0,0.175438596491228,1.7404661748405046,-78.0,0,1,0.21052631578947367,0.5800000000000001,0.0,0.26666666666666666,0.5,21.052631578947366,6.33747148914474,10.752019516085527,0.11189823855860861,0.346176124828939,8.94,-0.47,-0.39,11.2,34.6
Kempton (AW),8:00,Rogue Allegiance,Harry Davies,James Owen,0.13584905660377358,48.0,4.0,8.0,Class 4,9,623221,3.8333333333333335,Active,Standard / Slow,1m,0.0,77.0,0.0,0.0,0.2173913043478261,1.5260563034950492,-77.0,0,1,0.2608695652173913,0.8500000000000001,0.6199460916442048,0.3333333333333333,0.5,26.08695652173913,11.805160326424,16.08969918501854,0.1674484495724695,0.46838658905943287,5.97,-0.36,-0.27,16.7,46.8
Kempton (AW),8:00,City Of Kings,Stevie Donohoe,Ian Williams,0.08888888888888889,40.0,6.0,8.0,Class 4,9,516/00,50.0,Active,Standard / Slow,1m,0.0,75.0,0.0,0.0,0.0166666666666666,4.0943445622221,-75.0,0,1,0.02,0.53,0.4056437389770723,0.4666666666666667,0.5,2.0,9.326383831513509,3.0,0.031221550070069236,0.16868741015415234,32.03,0.56,0.82,3.1,16.9
Kempton (AW),8:00,Sovereign View,Jason Watson,James Tate,0.185625,11.0,3.0,8.0,Class 4,9,1-2634,4.333333333333334,Active,Standard / Slow,1m,0.0,82.0,0.0,0.0,0.1923076923076923,1.6486586255873816,-82.0,0,1,0.23076923076923073,0.54,0.8470982142857143,0.0,0.5,23.076923076923073,9.779210517459802,13.768524285298783,0.14329155678814007,0.41524142493390814,6.98,-0.38,-0.31,14.3,41.5
Kempton (AW),8:00,San Juanito,Robert Havlin,Mike Murphy,0.0,7.0,4.0,8.0,Class 4,9,007-90,45.833333333333336,Active,Standard / Slow,1m,0.0,74.0,0.0,0.0,0.0181818181818181,4.007333185232471,-74.0,0,1,0.021818181818181816,0.5,0.0,0.5333333333333333,0.5,2.1818181818181817,7.110333865869708,3.2727272727272725,0.03405987280371189,0.17493172016816616,29.36,0.56,0.74,3.4,17.5
Kempton (AW),8:00,Dumuji,P J McDonald,Clive Cox,0.09272727272727273,17.0,3.0,8.0,Class 4,9,1-550,9.583333333333334,Active,Standard / Slow,1m,0.0,77.0,0.0,0.0,0.0869565217391304,2.4423470353692043,-77.0,0,1,0.10434782608695652,0.5,0.4231601731601731,0.3333333333333333,0.5,10.434782608695652,8.635733342529148,9.1754481223791,0.09549057098939394,0.31007925617666665,10.47,-0.08,-0.16,9.5,31.0
Kempton (AW),8:00,Gunfighter,David Egan,John Butler,0.2191304347826087,18.0,5.0,8.0,Class 4,9,0-7917,18.75,Active,Standard / Slow,1m,0.0,69.0,0.0,0.0,0.0444444444444444,3.1135153092103742,-69.0,0,1,0.05333333333333334,0.65,1.0,0.8666666666666667,0.5,5.333333333333334,15.321996618572491,8.0,0.08325746685351795,0.28316642707773954,12.01,0.56,0.29,8.3,28.3
Kempton (AW),8:00,Man Of Desert,Silvestre De Sousa,Chris Dwyer,0.0,2.0,5.0,8.0,Class 4,9,-05742,20.833333333333332,Active,Standard / Slow,1m,0.0,67.0,0.0,0.0,0.04,3.218875824868201,-67.0,0,1,0.048,0.56,0.0,1.0,0.5,4.8,9.622136590225855,7.199999999999999,0.07493172016816615,0.26484978436996554,13.35,0.56,0.32,7.5,26.5
Kempton (AW),8:00,Lieutenant Kije,Kaiya Fraser,Tom Ward,0.07071428571428572,9.0,3.0,8.0,Class 4,9,8326-,22.500000000000004,Active,Standard / Slow,1m,0.0,71.0,0.0,0.0,0.037037037037037,3.295836866004329,-71.0,0,1,0.04444444444444444,0.585,0.322704081632653,0.7333333333333333,0.5,4.444444444444444,10.40101230942279,6.666666666666666,0.06938122237793162,0.2526386892314496,14.41,0.56,0.34,6.9,25.3
Kempton (AW),8:30,Cumulonimbus,Neil Callan,George Baker,0.04571428571428571,16.0,7.0,12.0,Class 3,12,600/8-,40.0,Active,Standard / Slow,1m3f219y,0.0,88.0,0.0,0.0,0.0208333333333333,3.871201010907891,-88.0,0,1,0.025,0.49000000000000005,0.2851573377889167,0.0,0.5,2.5,5.654049357373167,3.75,0.04306682683516756,0.19474701903736866,23.22,0.72,0.71,4.3,19.5
Kempton (AW),8:30,The Green Mile,Charles Bishop,Neil Mulholland,0.0,3.0,4.0,12.0,Class 3,12,5-0131,9.166666666666668,Active,Standard / Slow,1m3f219y,0.0,87.0,0.0,0.0,0.0909090909090909,2.3978952727983707,-87.0,0,1,0.10909090909090907,0.875,0.0,0.06666666666666667,0.5,10.909090909090907,6.459572985155853,7.794428362336369,0.08951501241596242,0.29693302731511734,11.17,-0.18,-0.22,9.0,29.7
Kempton (AW),8:30,Bulletin,Harry Davies,Jonathan Portman,0.0,12.0,4.0,12.0,Class 3,12,-32434,5.0,Active,Standard / Slow,1m3f219y,0.0,87.0,0.0,0.0,0.1666666666666666,1.791759469228055,-87.0,0,1,0.2,0.54,0.0,0.06666666666666667,0.5,20.0,4.69787126193153,9.28850988335207,0.10667377245415095,0.33468229939913213,9.37,-0.47,-0.4,10.7,33.5
Kempton (AW),8:30,Galaxy Star,Harry Vigors(5),Alan King,0.07071428571428572,9.0,4.0,12.0,Class 3,12,146,50.0,Active,Standard / Slow,1m3f219y,0.0,86.0,0.0,0.0,0.0166666666666666,4.0943445622221,-86.0,0,1,0.02,0.5333333333333334,0.4411027568922306,0.13333333333333333,0.5,2.0,7.262958527662409,3.0,0.03445346146813405,0.17579761522989493,29.02,0.72,0.9,3.4,17.6
Kempton (AW),8:30,Forever Penywern,Edward Greatrex,Warren Greatrex,0.1,5.0,4.0,12.0,Class 3,12,3211-1,10.833333333333332,Active,Standard / Slow,1m3f219y,0.0,86.0,0.0,0.0,0.0769230769230769,2.5649493574615367,-86.0,0,1,0.09230769230769231,0.975,0.6237816764132554,0.13333333333333333,0.5,9.230769230769232,10.546274035347055,10.151622593973707,0.11658617929350407,0.35648959444570893,8.58,0.26,0.06,11.7,35.6
Kempton (AW),8:30,Son Of Man,David Egan,Jim Boyle,0.0,14.0,5.0,12.0,Class 3,12,351230,33.333333333333336,Active,Standard / Slow,1m3f219y,0.0,84.0,0.0,0.0,0.025,3.688879454113936,-84.0,0,1,0.03,0.675,0.0,0.26666666666666666,0.5,3.0,6.249220540591756,4.5,0.051680192202201075,0.21369642284484236,19.35,0.72,0.6,5.2,21.4
Kempton (AW),8:30,Classical Allusion,Callum Hutchinson,Andrew Balding,0.13749999999999998,55.0,4.0,12.0,Class 3,12,1-250,24.166666666666668,Active,Standard / Slow,1m3f219y,0.0,83.0,0.0,0.0,0.0344827586206896,3.367295829986474,-83.0,0,1,0.041379310344827586,0.5700000000000001,0.8576998050682261,0.3333333333333333,0.5,4.137931034482759,10.487996567152761,6.206896551724139,0.0712830237271739,0.2568226521997826,14.03,0.72,0.45,7.1,25.7
Kempton (AW),8:30,Kokbastau,Cieren Fallon,Roger Varian,0.1603125,27.0,3.0,12.0,Class 3,12,6-31,1.5,Active,Standard / Slow,1m3f219y,0.0,88.0,0.0,0.0,0.5555555555555556,0.5877866649021191,-88.0,0,1,0.6666666666666666,0.7833333333333334,1.0,0.0,0.5,66.66666666666666,10.955856487713458,27.669099541399415,0.3177654183025234,0.7990839202655515,3.15,-0.52,-0.12,31.8,79.9
Kempton (AW),8:30,Duc De Kent,Stevie Donohoe,Ian Williams,0.08888888888888889,40.0,6.0,12.0,Class 3,12,8590/6,116.66666666666669,Active,Standard / Slow,1m3f219y,0.0,77.0,0.0,0.0,0.0071428571428571,4.941642422609304,-77.0,0,1,0.00857142857142857,0.45000000000000007,0.554472601256227,0.7333333333333333,0.5,0.857142857142857,9.945144200468501,1.2857142857142856,0.014765769200628878,0.13248469224138354,67.72,0.72,2.2,1.5,13.2
Kempton (AW),8:30,Must Believe,Benoit de la Sayette,George Baker,0.04571428571428571,16.0,4.0,12.0,Class 3,12,2-4518,41.666666666666664,Active,Standard / Slow,1m3f219y,0.0,75.0,0.0,0.0,0.02,3.912023005428146,-75.0,0,1,0.024,0.6200000000000001,0.2851573377889167,0.8666666666666667,0.5,2.4,9.983803841317526,3.5999999999999996,0.04134415376176086,0.1909571382758739,24.19,0.72,0.74,4.1,19.1
Kempton (AW),8:30,Dust Cover,Jack Mitchell,Ross Burdon,0.0,6.0,4.0,12.0,Class 3,12,110254,18.333333333333336,Active,Standard / Slow,1m3f219y,0.0,74.0,0.0,0.0,0.0454545454545454,3.091042453358316,-74.0,0,1,0.054545454545454536,0.48000000000000004,0.0,0.9333333333333333,0.5,5.454545454545453,8.028451634196422,7.2562797803011305,0.08333465193753507,0.28333623426257715,12.0,0.53,0.27,8.3,28.3
Kempton (AW),8:30,Mathematician,Finley Marsh,Neil Mulholland,0.0,3.0,6.0,12.0,Class 3,12,5121/0,58.33333333333334,Active,Standard / Slow,1m3f219y,0.0,73.0,0.0,0.0,0.0142857142857142,4.248495242049359,-73.0,0,1,0.01714285714285714,0.75,0.0,1.0,0.5,1.714285714285714,9.72880056108955,2.571428571428571,0.029531538401257756,0.16496938448276707,33.86,0.72,1.06,3.0,16.5
Kempton (AW),9:00,Solanna,Billy Loughnane,John Butler,0.2191304347826087,18.0,7.0,12.0,Class 5,10,514321,4.25,Active,Standard / Slow,1m3f219y,0.0,70.0,0.0,0.0,0.196078431372549,1.62924053973028,-70.0,0,1,0.23529411764705882,0.8150000000000001,1.0,0.0,0.5,23.52941176470588,12.83662441716161,16.04446062142489,0.16626772228656111,0.46578898903043453,6.01,-0.29,-0.23,16.6,46.6
Kempton (AW),9:00,Maestro Del Mar,Silvestre De Sousa,Ismail Mohammed & Jose Santos,0.0,7.0,4.0,12.0,Class 5,10,7040-3,5.666666666666666,Active,Standard / Slow,1m3f219y,0.0,70.0,0.0,0.0,0.1470588235294117,1.916922612182061,-70.0,0,1,0.17647058823529413,0.5800000000000001,0.0,0.0,0.5,17.647058823529413,5.341006849693721,9.032822441844427,0.09360656295412609,0.3059344384990774,10.68,-0.47,-0.41,9.4,30.6
Kempton (AW),9:00,Naasma,Kaiya Fraser,Pat Phelan,0.0,5.0,7.0,12.0,Class 5,10,-45436,28.333333333333332,Active,Standard / Slow,1m3f219y,0.0,68.0,0.0,0.0,0.0294117647058823,3.5263605246161616,-68.0,0,1,0.03529411764705882,0.505,0.0,0.14285714285714285,0.5,3.5294117647058822,5.579444655483618,4.964434788250297,0.0514461211354351,0.21318146649795722,19.44,0.46,0.38,5.1,21.3
Kempton (AW),9:00,Roland Garros,Alexandra Egan(7),Hayley Burton,0.0,7.0,5.0,12.0,Class 5,10,9-5173,15.0,Active,Standard / Slow,1m3f219y,0.0,68.0,0.0,0.0,0.0555555555555555,2.8903717578961645,-68.0,0,1,0.06666666666666667,0.6900000000000001,0.0,0.14285714285714285,0.5,6.666666666666667,6.702269959112413,6.691588971378689,0.06934450979693942,0.25255792155326673,14.42,0.04,-0.04,6.9,25.3
Kempton (AW),9:00,Star Time,Harry Vigors(5),Alan King,0.07071428571428572,9.0,5.0,12.0,Class 5,10,/82-58,7.666666666666667,Active,Standard / Slow,1m3f219y,0.0,67.0,0.0,0.0,0.108695652173913,2.2192034840549946,-67.0,0,1,0.13043478260869565,0.52,0.322704081632653,0.21428571428571427,0.5,13.043478260869565,7.9758994334161155,9.496173081652149,0.09840823608721823,0.3164981193918801,10.16,-0.25,-0.26,9.8,31.6
Kempton (AW),9:00,Crooked Path,Cieren Fallon,James Owen,0.13584905660377358,48.0,4.0,12.0,Class 5,10,44800-,2.033333333333333,Active,Standard / Slow,1m3f219y,0.0,65.0,0.0,0.0,0.4098360655737705,0.8919980393051105,-65.0,0,1,0.49180327868852464,0.49000000000000005,0.6199460916442048,0.35714285714285715,0.5,49.180327868852466,10.291515557074927,21.958159250608187,0.2275510040723307,0.6006122089591276,4.39,-0.54,-0.28,22.8,60.1
Kempton (AW),9:00,Imperial Decision,Josephine Gordon,Keiran Burke,0.0,4.0,4.0,12.0,Class 5,10,-37230,41.666666666666664,Active,Standard / Slow,1m3f219y,0.0,64.0,0.0,0.0,0.02,3.912023005428146,-64.0,0,1,0.024,0.625,0.0,0.42857142857142855,0.5,2.4,7.695038277764897,3.5999999999999996,0.03730657043293377,0.1820744549524543,26.8,0.55,0.66,3.7,18.2
Kempton (AW),9:00,Eljowhary,Charles Bishop,Eve Johnson Houghton,0.1515217391304348,41.0,3.0,12.0,Class 5,10,6640,28.333333333333332,Active,Standard / Slow,1m3f219y,0.0,70.0,0.0,0.0,0.0294117647058823,3.5263605246161616,-70.0,0,1,0.03529411764705882,0.44000000000000006,0.691468253968254,0.0,0.5,3.5294117647058822,8.688047442685857,5.294117647058823,0.05486260357784378,0.22069772787125636,18.23,0.55,0.43,5.5,22.1
Kempton (AW),9:00,Semper Femina,Seamus Cronin(5),Richard Hannon,0.11898305084745762,54.0,3.0,12.0,Class 5,10,297273,20.833333333333332,Active,Standard / Slow,1m3f219y,0.0,66.0,0.0,0.0,0.04,3.218875824868201,-66.0,0,1,0.048,0.65,0.5429782082324455,0.2857142857142857,0.5,4.8,10.448645911655943,7.199999999999999,0.07461314086586754,0.2641489099049086,13.4,0.55,0.31,7.5,26.4
Kempton (AW),9:00,Backer Bilk,George Wood,Luke Dace,0.1111111111111111,4.0,4.0,12.0,Class 5,10,3235-8,66.66666666666667,Active,Standard / Slow,1m3f219y,0.0,56.0,0.0,0.0,0.0125,4.382026634673881,-56.0,0,1,0.015,0.545,0.5070546737213403,1.0,0.5,1.5,13.061521310523935,2.25,0.023316606520583608,0.15129653434528395,42.89,0.55,1.14,2.3,15.1
Kempton (AW),9:00,Maywedance,Jack Mitchell,John O'Shea,0.0,5.0,4.0,12.0,Class 5,10,407133,15.0,Active,Standard / Slow,1m3f219y,0.0,56.0,0.0,0.0,0.0555555555555555,2.8903717578961645,-56.0,0,1,0.06666666666666667,0.775,0.0,1.0,0.5,6.666666666666667,11.379986185426961,9.965990329798872,0.10327692227016069,0.32720922899435356,9.68,0.55,0.24,10.3,32.7
Salisbury,2:30,Arctic Tsar,Joe Leavy,Clive Cox,0.09272727272727273,17.0,2.0,6.0,Class 4,9,86,26.666666666666668,Active,Good To Firm,0m6f0y,0.0,0.0,0.0,0.0,0.03125,3.4657359027997265,0.0,0,0,0.0375,0.44285714285714295,0.2375366568914956,0.5,0.5,3.75,8.244655153104253,5.625,0.05309874670954662,0.21681724276100256,18.83,0.42,0.33,5.3,21.7
Salisbury,2:30,Easy Answer,Callum Shepherd,Michael Bell,0.04038461538461539,21.0,2.0,6.0,Class 4,9,30,3.666666666666667,Active,Good To Firm,0m6f0y,0.0,0.0,0.0,0.0,0.2272727272727272,1.4816045409242156,0.0,0,0,0.2727272727272727,0.6071428571428572,0.0,0.5,0.5,27.27272727272727,7.807150463113271,13.64682350599747,0.12882297328619494,0.3834105412296289,7.76,-0.53,-0.41,12.9,38.3
Salisbury,2:30,First Mate,Tom Marquand,Eve Johnson Houghton,0.1515217391304348,41.0,2.0,6.0,Class 4,9,77,10.416666666666666,Active,Good To Firm,0m6f0y,0.0,0.0,0.0,0.0,0.08,2.525728644308256,0.0,0,0,0.096,0.5,0.5043523231596434,0.5,0.5,9.6,10.17955685283584,10.005689796985088,0.09445148234389442,0.30779326115656774,10.59,-0.02,-0.11,9.4,30.8
Salisbury,2:30,Flick Of An Eye,David Probert,Simon & Ed Crisford,0.2607407407407407,22.0,2.0,6.0,Class 4,9,,10.416666666666666,Active,Good To Firm,0m6f0y,0.0,0.0,0.0,0.0,0.08,2.525728644308256,0.0,0,0,0.096,0.5,1.0,0.5,0.5,9.6,13.139903511687908,12.077932458181536,0.11401299135502099,0.3508285809810462,8.77,0.19,0.01,11.4,35.1
Salisbury,2:30,Gold Reef City,Robbie Downey,Ralph Beckett,0.13076923076923078,34.0,2.0,6.0,Class 4,9,73,16.666666666666668,Active,Good To Firm,0m6f0y,0.0,0.0,0.0,0.0,0.05,2.995732273553991,0.0,0,0,0.06,0.6428571428571429,0.4101751890878532,0.5,0.5,6.0,10.470307133921139,9.0,0.08495799473527459,0.2869075884176041,11.77,0.42,0.19,8.5,28.7
Salisbury,2:30,Goodwood Meteor,Rob Hornby,Marcus Tregoning,0.18,6.0,2.0,6.0,Class 4,9,96,23.333333333333336,Active,Good To Firm,0m6f0y,0.0,0.0,0.0,0.0,0.0357142857142857,3.332204510175204,0.0,0,0,0.04285714285714285,0.44285714285714295,0.6335897601654923,0.5,0.5,4.285714285714285,10.610154954251925,6.428571428571427,0.06068428195376755,0.23350542029828864,16.48,0.42,0.28,6.1,23.4
Salisbury,2:30,Hackpen Hill,Kieran Shoemark,Ed Walker,0.19608695652173913,41.0,2.0,6.0,Class 4,9,84,15.833333333333336,Active,Good To Firm,0m6f0y,0.0,0.0,0.0,0.0,0.0526315789473684,2.9444389791664403,0.0,0,0,0.0631578947368421,0.44285714285714295,0.7065941138939872,0.5,0.5,6.31578947368421,11.046186846945362,9.473684210526315,0.08942946814239429,0.29674482991326745,11.18,0.42,0.18,8.9,29.7
Salisbury,2:30,Ongombo,Paddy Bradley,Charlie Fellowes,0.12375,11.0,2.0,6.0,Class 4,9,86,17.500000000000004,Active,Good To Firm,0m6f0y,0.0,0.0,0.0,0.0,0.0476190476190476,3.044522437723423,0.0,0,0,0.057142857142857134,0.44285714285714295,0.3783211584459242,0.5,0.5,5.7142857142857135,9.085516410543464,8.074147201666138,0.07621815060566486,0.2676799313324627,13.12,0.33,0.15,7.6,26.8
Salisbury,2:30,Saturn Star,Hector Crouch,Ralph Beckett,0.13076923076923078,34.0,2.0,6.0,Class 4,9,,3.416666666666666,Active,Good To Firm,0m6f0y,0.0,0.0,0.0,0.0,0.2439024390243902,1.410986973710262,0.0,0,0,0.29268292682926833,0.5,0.4101751890878532,0.5,0.5,29.268292682926834,9.617066646149196,15.512434457182486,0.14643392499384464,0.4221546349864582,6.83,-0.5,-0.37,14.6,42.2
Salisbury,2:30,Forbidden Fire,Oisin Murphy,Andrew Balding,0.13749999999999998,55.0,2.0,6.0,Class 4,9,,3.25,Active,Good To Firm,0m6f0y,0.0,0.0,0.0,0.0,0.2564102564102564,1.3609765531356006,0.0,0,0,0.3076923076923077,0.5,0.4407201499773741,0.5,0.5,30.76923076923077,9.799502027447645,16.09042064998258,0.15188998587439706,0.43415796892367353,6.58,-0.51,-0.37,15.2,43.4
Salisbury,3:00,So Darn Hot,Kieran Shoemark,Ed Walker,0.19608695652173913,41.0,4.0,6.0,Class 3,7,-06705,3.041666666666667,Active,Good To Firm,0m6f0y,0.0,90.0,0.0,0.0,0.273972602739726,1.2947271675944,-90.0,0,1,0.3287671232876712,0.45000000000000007,0.6668602721539995,0.0,0.5,32.87671232876712,11.366053159937474,17.819250910586366,0.17344296147527768,0.4815745152456109,5.77,-0.47,-0.27,17.3,48.2
Salisbury,3:00,Dr Strangelove,Tom Marquand,Oliver Cole,0.15473684210526314,14.0,4.0,6.0,Class 3,7,7-4322,8.750000000000002,Active,Good To Firm,0m6f0y,0.0,86.0,0.0,0.0,0.0952380952380952,2.3513752571634776,-86.0,0,1,0.11428571428571427,0.7150000000000001,0.4537967055042185,0.3333333333333333,0.5,11.428571428571427,13.921887241026877,13.17389249729024,0.1282275523450594,0.38210061515913074,7.8,0.12,0.12,12.8,38.2
Salisbury,3:00,Dandana,David Probert,Simon & Ed Crisford,0.2607407407407407,22.0,3.0,6.0,Class 3,7,140-04,15.416666666666666,Active,Good To Firm,0m6f0y,0.0,89.0,0.0,0.0,0.054054054054054,2.917770732084279,-89.0,0,1,0.06486486486486487,0.45000000000000007,1.0,0.08333333333333333,0.5,6.486486486486487,14.573300072722672,9.72972972972973,0.09470393268191801,0.30834865190021965,10.56,0.46,0.42,9.5,30.8
Salisbury,3:00,Regional Rock,Hector Crouch,Ralph Beckett,0.13076923076923078,34.0,3.0,6.0,Class 3,7,12-23,4.75,Active,Good To Firm,0m6f0y,0.0,85.0,0.0,0.0,0.175438596491228,1.7404661748405046,-85.0,0,1,0.21052631578947367,0.775,0.3302994715208456,0.4166666666666667,0.5,21.052631578947366,13.947312430139135,16.078908174781603,0.15650340550883485,0.44430749211943665,6.39,-0.26,-0.14,15.7,44.4
Salisbury,3:00,Golden Brown,Rob Hornby,Ed Walker,0.19608695652173913,41.0,3.0,6.0,Class 3,7,02-218,6.0,Active,Good To Firm,0m6f0y,0.0,83.0,0.0,0.0,0.1388888888888889,1.9740810260220096,-83.0,0,1,0.16666666666666666,0.7250000000000001,0.6668602721539995,0.5833333333333334,0.5,16.666666666666664,17.315703189627005,17.120992232738903,0.1666464887408528,0.4666222752298762,6.0,-0.0,0.05,16.7,46.7
Salisbury,3:00,An Outlaw's Grace,Sean Levey,Richard Hannon,0.11898305084745762,54.0,4.0,6.0,Class 3,7,620354,14.583333333333336,Active,Good To Firm,0m6f0y,0.0,78.0,0.0,0.0,0.0571428571428571,2.862200880929469,-78.0,0,1,0.06857142857142856,0.48000000000000004,0.26956915513002977,1.0,0.5,6.857142857142856,14.837243836492886,12.443213542687877,0.12111551815182611,0.36645413993401743,8.26,0.77,0.61,12.1,36.6
Salisbury,3:00,Supreme King,Oisin Murphy,David Evans,0.06666666666666667,10.0,6.0,6.0,Class 3,7,512227,4.583333333333334,Active,Good To Firm,0m6f0y,0.0,78.0,0.0,0.0,0.1818181818181818,1.7047480922384253,-78.0,0,1,0.21818181818181814,0.65,0.0,1.0,0.5,21.818181818181813,14.03850007005395,16.37240459449231,0.15936014109623114,0.45059231041170855,6.28,-0.27,-0.15,15.9,45.1
Salisbury,3:30,Dandyman Dan,Kieran Shoemark,Oliver Cole,0.15473684210526314,14.0,2.0,8.0,Class 1,6,15943,4.166666666666667,Active,Good To Firm,1m0f0y,0.0,96.0,0.0,0.0,0.2,1.6094379124341005,-96.0,0,1,0.24,0.56,0.4642105263157894,0.0,0.5,24.0,10.425692041147054,14.497984428802937,0.12163603772937412,0.3675992830046231,8.22,-0.49,-0.4,12.2,36.8
Salisbury,3:30,Firehorse,Tom Marquand,S Woods,0.0,6.0,2.0,8.0,Class 1,6,15,16.666666666666668,Active,Good To Firm,1m0f0y,0.0,94.0,0.0,0.0,0.05,2.995732273553991,-94.0,0,1,0.06,0.6571428571428573,0.0,0.020833333333333332,0.5,6.0,7.6669366390106894,7.166855647307482,0.06012890469001897,0.23228359031804174,16.63,0.0,-0.04,6.0,23.2
Salisbury,3:30,My A'Ali Baba,Callum Shepherd,David Evans,0.06666666666666667,10.0,2.0,8.0,Class 1,6,1530,8.333333333333334,Active,Good To Firm,1m0f0y,0.0,83.0,0.0,0.0,0.1,2.302585092994046,-83.0,0,1,0.12,0.605,0.19999999999999998,0.13541666666666666,0.5,12.0,9.552740614278356,10.286918429994849,0.08630578991269898,0.28987273780793776,11.59,-0.28,-0.28,8.6,29.0
Salisbury,3:30,Quest For Stars,Connor Planas,Charlie Appleby,0.33333333333333337,25.0,2.0,8.0,Class 1,6,11,2.625,Active,Good To Firm,1m0f0y,0.0,93.0,0.0,0.0,0.3174603174603174,1.1474024528375415,-93.0,0,1,0.38095238095238093,1.0,1.0,0.03125,0.5,38.095238095238095,18.30504554521745,24.24210331022364,0.203387816241793,0.5474531957319446,4.92,-0.47,-0.27,20.3,54.7
Salisbury,3:30,Rafe's Da Man,Pat Dobbs,Richard Hannon,0.11898305084745762,54.0,2.0,8.0,Class 1,6,4431,12.5,Active,Good To Firm,1m0f0y,0.0,91.0,0.0,0.0,0.0666666666666666,2.70805020110221,-91.0,0,1,0.08,0.745,0.35694915254237286,0.052083333333333336,0.5,8.0,11.365786374373279,10.356050462061294,0.08688579787877435,0.2911487553333036,11.51,0.09,-0.04,8.7,29.1
Salisbury,3:30,Rocket Boy,Marco Ghiani,Marco Botti,0.0975,15.0,2.0,8.0,Class 1,6,1,13.75,Active,Good To Firm,1m0f0y,0.0,0.0,0.0,0.0,0.0606060606060606,2.803360380906535,0.0,0,0,0.07272727272727272,1.0,0.2925,1.0,0.5,7.2727272727272725,18.83648235136893,15.36735582777643,0.12892994074090536,0.3836458696299918,7.76,0.77,0.36,12.9,38.4
Salisbury,3:30,Velociraptor,David Probert,Hugo Palmer,0.052307692307692305,34.0,2.0,8.0,Class 1,6,31,8.333333333333334,Active,Good To Firm,1m0f0y,0.0,87.0,0.0,0.0,0.1,2.302585092994046,-87.0,0,1,0.12,0.892857142857143,0.1569230769230769,0.09375,0.5,12.0,11.217491103226605,11.452243772258623,0.09608270462761537,0.3113819501807538,10.41,-0.2,-0.23,9.6,31.1
Salisbury,3:30,Scommessa Sicura,Oisin Murphy,Andrew Balding,0.13749999999999998,55.0,2.0,8.0,Class 1,6,2221,1.766666666666667,Active,Good To Firm,1m0f0y,0.0,91.0,0.0,0.0,0.4716981132075471,0.7514160886839212,-91.0,0,1,0.5660377358490565,0.8500000000000001,0.4124999999999999,0.052083333333333336,0.5,56.603773584905646,12.629825331377633,25.822009807436032,0.21664300817881987,0.5766146179934037,4.62,-0.62,-0.33,21.7,57.7
Salisbury,4:00,Bold Shout,Hector Crouch,Clive Cox,0.09272727272727273,17.0,3.0,6.0,Class 4,7,44,1.9166666666666667,Active,Good To Firm,0m6f0y,0.0,0.0,0.0,0.0,0.4347826086956522,0.8329091229351039,0.0,0,0,0.5217391304347826,0.4000000000000001,0.6027272727272727,1.0,0.5,52.17391304347826,15.08995488124035,26.21514232991172,0.27098048915618406,0.696157076143605,3.69,-0.48,-0.14,27.1,69.6
Salisbury,4:00,It's A Mugs Game,Sean Levey,Joe Tickle,0.15384615384615385,8.0,3.0,6.0,Class 4,7,0-4,6.25,Active,Good To Firm,0m6f0y,0.0,0.0,0.0,0.0,0.1333333333333333,2.0149030205422647,0.0,0,0,0.16,0.44285714285714295,1.0,1.0,0.5,16.0,18.248490925494785,17.57394364784635,0.18165821059315432,0.4996480633049395,5.5,0.14,0.16,18.2,50.0
Salisbury,4:00,Kodicall,Taylor Fisher,J S Moore,0.0975,15.0,3.0,6.0,Class 4,7,52,23.333333333333336,Active,Good To Firm,0m6f0y,0.0,0.0,0.0,0.0,0.0357142857142857,3.332204510175204,0.0,0,0,0.04285714285714285,0.6000000000000001,0.63375,1.0,0.5,4.285714285714285,16.747860105708664,6.428571428571427,0.0664508095499484,0.2461917810098865,15.05,0.55,0.62,6.6,24.6
Salisbury,4:00,Annie Sioux,Tom Marquand,Clive Cox,0.09272727272727273,17.0,3.0,6.0,Class 4,7,,8.0,Active,Good To Firm,0m6f0y,0.0,0.0,0.0,0.0,0.1041666666666666,2.26176309847379,0.0,0,0,0.125,0.5,0.6027272727272727,1.0,0.5,12.5,15.807592164827225,14.815314515379058,0.15314283339973955,0.43691423347942704,6.53,0.23,0.2,15.3,43.7
Salisbury,4:00,Gris De Chine,Callum Shepherd,Zoe Hawkins,0.0,4.0,3.0,6.0,Class 4,7,5374,15.833333333333336,Active,Good To Firm,0m6f0y,0.0,59.0,0.0,0.0,0.0526315789473684,2.9444389791664403,-59.0,0,1,0.0631578947368421,0.5,0.0,0.14492753623188406,0.5,6.31578947368421,6.57314149604209,6.495935889334725,0.06714714200924436,0.2477237124203376,14.89,0.06,0.17,6.7,24.8
Salisbury,4:00,Just Dreaming,Oliver Carmichael(7),Eve Johnson Houghton,0.1515217391304348,41.0,3.0,6.0,Class 4,7,5-75,54.166666666666664,Active,Good To Firm,0m6f0y,0.0,41.0,0.0,0.0,0.0153846153846153,4.174387269895637,-41.0,0,1,0.018461538461538463,0.43333333333333335,0.9848913043478261,0.4057971014492754,0.5,1.8461538461538463,14.660341652347352,2.769230769230769,0.028624964113823932,0.16297492105041267,34.93,0.55,1.33,2.9,16.3
Salisbury,4:00,Remi Mae,Oisin Murphy,Andrew Balding,0.13749999999999998,55.0,3.0,6.0,Class 4,7,2-303D,2.2333333333333334,Active,Good To Firm,0m6f0y,0.0,69.0,0.0,0.0,0.3731343283582089,0.9858167945227654,-69.0,0,1,0.44776119402985076,0.6000000000000001,0.8937499999999998,0.0,0.5,44.776119402985074,12.872618774339545,22.443668962933202,0.23199555117790527,0.6103902125913916,4.31,-0.48,-0.2,23.2,61.0
Salisbury,4:30,Alla Stella,Luke Morris,Sir Mark Prescott Bt,0.1406896551724138,24.0,4.0,10.0,Class 1,7,/36522,8.333333333333334,Active,Good To Firm,1m1f201y,0.0,99.0,0.0,0.0,0.1,2.302585092994046,-99.0,0,1,0.12,0.645,0.6599406873291853,0.23529411764705882,0.5,12.0,13.01347984285687,12.709435889999808,0.13377673080434538,0.3943088077695599,7.48,0.11,0.12,13.4,39.4
Salisbury,4:30,Goldilocks Cen,Tom Marquand,Archie Watson,0.025588235294117644,29.0,4.0,10.0,Class 1,7,21-059,40.0,Active,Good To Firm,1m1f201y,0.0,86.0,0.0,0.0,0.0208333333333333,3.871201010907891,-86.0,0,1,0.025,0.52,0.0,1.0,0.5,2.5,11.756702946923342,3.75,0.03947167638738549,0.1868376880522481,25.33,0.58,1.01,3.9,18.7
Salisbury,4:30,Regal Charm,Rob Hornby,Henry Candy,0.2,5.0,4.0,10.0,Class 1,7,302-12,9.583333333333334,Active,Good To Firm,1m1f201y,0.0,99.0,0.0,0.0,0.0869565217391304,2.4423470353692043,-99.0,0,1,0.10434782608695652,0.8,1.0,0.23529411764705882,0.5,10.434782608695652,16.606236188646257,14.754800114661075,0.15530578540972276,0.4416727279013901,6.44,0.49,0.39,15.5,44.2
Salisbury,4:30,Annastarzy,Joe Leavy,Richard Hannon,0.11898305084745762,54.0,3.0,10.0,Class 1,7,481116,23.333333333333336,Active,Good To Firm,1m1f201y,0.0,88.0,0.0,0.0,0.0357142857142857,3.332204510175204,-88.0,0,1,0.04285714285714285,0.7600000000000001,0.5354846085688969,0.8823529411764706,0.5,4.285714285714285,16.70153564094907,6.428571428571427,0.06766573094980369,0.24886460808956812,14.78,0.58,0.64,6.8,24.9
Salisbury,4:30,Felicitas,Kieran Shoemark,Ed Walker,0.19608695652173913,41.0,3.0,10.0,Class 1,7,1-127,2.216666666666667,Active,Good To Firm,1m1f201y,0.0,103.0,0.0,0.0,0.3759398496240601,0.9783261227936078,-103.0,0,1,0.45112781954887216,0.7250000000000001,0.9775643375614047,0.0,0.5,45.11278195488722,14.533058054822071,23.706975224841614,0.2495344144529903,0.6489757117965786,4.01,-0.45,-0.15,25.0,64.9
Salisbury,4:30,Miss Scott,Oisin Murphy,John & Thady Gosden,0.09333333333333334,28.0,3.0,10.0,Class 1,7,1-21,2.5,Active,Good To Firm,1m1f201y,0.0,92.0,0.0,0.0,0.3333333333333333,1.0986122886681098,-92.0,0,1,0.4,0.9166666666666667,0.38842046093310845,0.6470588235294118,0.5,40.0,15.405157571023324,22.783610299716326,0.23981527804978822,0.6275936117095341,4.17,-0.4,-0.14,24.0,62.8
Salisbury,4:30,On Message,Hector Crouch,Ralph Beckett,0.13076923076923078,34.0,3.0,10.0,Class 1,7,1-1374,12.083333333333334,Active,Good To Firm,1m1f201y,0.0,99.0,0.0,0.0,0.0689655172413793,2.6741486494265287,-99.0,0,1,0.08275862068965517,0.56,0.6030613568556232,0.23529411764705882,0.5,8.275862068965518,11.983829754779068,10.871439449035002,0.11443038394596428,0.3517468446811214,8.74,0.38,0.33,11.4,35.2
Salisbury,5:00,Londoner,Tom Marquand,Daniel & Claire Kubler,0.30000000000000004,15.0,6.0,10.0,Class 4,7,159542,4.083333333333334,Active,Good To Firm,1m1f201y,0.0,86.0,0.0,0.0,0.2040816326530612,1.589235205116581,-86.0,0,1,0.24489795918367344,0.55,1.0,0.0,0.5,24.489795918367342,15.433505639323444,18.150392723036614,0.16879337410956743,0.47134542304104843,5.92,-0.31,-0.17,16.9,47.1
Salisbury,5:00,Fox Avatar,Oisin Murphy,Roger Varian,0.1603125,27.0,5.0,10.0,Class 4,7,151-67,3.416666666666666,Active,Good To Firm,1m1f201y,0.0,83.0,0.0,0.0,0.2439024390243902,1.410986973710262,-83.0,0,1,0.29268292682926833,0.56,0.5343749999999999,0.25,0.5,29.268292682926834,13.300970569565576,18.091167203573953,0.16824259400160832,0.4701337068035384,5.94,-0.43,-0.25,16.8,47.0
Salisbury,5:00,Miss Tonnerre,Kieran Shoemark,Ed Walker,0.19608695652173913,41.0,4.0,10.0,Class 4,7,7704-0,6.166666666666667,Active,Good To Firm,1m1f201y,0.0,83.0,0.0,0.0,0.1351351351351351,2.0014800002101243,-83.0,0,1,0.16216216216216214,0.47000000000000003,0.653623188405797,0.25,0.5,16.216216216216214,13.544971694268746,14.346345050852985,0.13341683699218787,0.3935170413828133,7.5,-0.18,-0.1,13.3,39.4
Salisbury,5:00,Almekarem,Luke Morris,Sir Mark Prescott Bt,0.1406896551724138,24.0,4.0,10.0,Class 4,7,364-17,5.166666666666667,Active,Good To Firm,1m1f201y,0.0,78.0,0.0,0.0,0.1612903225806451,1.824549292051046,-78.0,0,1,0.1935483870967742,0.6200000000000001,0.46896551724137925,0.6666666666666666,0.5,19.35483870967742,16.036654135572867,17.032109507804233,0.15839366540962313,0.44846606390117094,6.31,-0.18,-0.08,15.8,44.8
Salisbury,5:00,Eupator,Sean Levey,Richard Hannon,0.11898305084745762,54.0,4.0,10.0,Class 4,7,942563,9.166666666666668,Active,Good To Firm,1m1f201y,0.0,77.0,0.0,0.0,0.0909090909090909,2.3978952727983707,-77.0,0,1,0.10909090909090907,0.5750000000000001,0.39661016949152533,0.75,0.5,10.909090909090907,15.61378708403382,14.202378231550945,0.13207798743886823,0.3905715723655101,7.57,0.21,0.19,13.2,39.1
Salisbury,5:00,Carnival Day,Pat Cosgrave,Jim Boyle,0.0,14.0,5.0,10.0,Class 4,7,24-374,7.166666666666667,Active,Good To Firm,1m1f201y,0.0,77.0,0.0,0.0,0.1162790697674418,2.151762203259462,-77.0,0,1,0.13953488372093023,0.5,0.0,0.75,0.5,13.953488372093023,11.679409673001526,12.361633282728974,0.1149595947116159,0.35291110836555506,8.7,-0.18,-0.1,11.5,35.3
Salisbury,5:00,Mythical Bird,Rob Hornby,Hughie Morrison,0.0,4.0,4.0,10.0,Class 4,7,-13003,9.166666666666668,Active,Good To Firm,1m1f201y,0.0,74.0,0.0,0.0,0.0909090909090909,2.3978952727983707,-74.0,0,1,0.10909090909090907,0.625,0.0,1.0,0.5,10.909090909090907,14.390701204234023,13.346218115691087,0.124115947336529,0.3730550841403638,8.06,0.14,0.13,12.4,37.3
Vichy,10:08,Witchway,Hugo Besnier,P Cottier,0.10833333333333332,13.0,2.0,8.0,,6,11435,4.166666666666667,Active,Soft,7f209y,0.0,0.0,0.0,0.0,0.2,1.6094379124341005,0.0,0,0,0.24,0.5650000000000001,1.0,0.5,0.5,24.0,22.64064242068449,23.04844969447914,0.24800041173966117,0.6456009058272546,4.03,0.03,0.16,24.8,64.6
Vichy,10:08,Literary Song,Marvin Grandin,C Escuder,0.07071428571428572,9.0,2.0,8.0,,6,614,6.25,Active,Soft,7f209y,0.0,0.0,0.0,0.0,0.1333333333333333,2.0149030205422647,0.0,0,0,0.16,0.6000000000000001,0.6527472527472529,0.5,0.5,16.0,19.519404983410404,18.463583488387282,0.19866743177986806,0.5370683499157097,5.03,0.24,0.24,19.9,53.7
Vichy,10:08,Bichoko,Christopher Raimbault,Adrien Fouassier,0.07392857142857143,23.0,2.0,8.0,,6,073,8.333333333333334,Active,Soft,7f209y,0.0,0.0,0.0,0.0,0.1,2.302585092994046,0.0,0,0,0.12,0.6111111111111112,0.6824175824175824,0.5,0.5,12.0,19.927050907530898,17.548935635271626,0.18882585687238898,0.5154168851192558,5.3,0.57,0.46,18.9,51.5
Vichy,10:08,Ciao Bello,Cristian Demuro,Mathieu Pitart,0.0,14.0,2.0,8.0,,6,22,10.416666666666666,Active,Soft,7f209y,0.0,0.0,0.0,0.0,0.08,2.525728644308256,0.0,0,0,0.096,0.75,0.0,0.5,0.5,9.6,14.494009496685436,13.025806647679804,0.14015716695425268,0.4083457672993559,7.13,0.46,0.37,14.0,40.8
Vichy,10:08,Jiepie Et Jo,Martin Protti,C Plisson,0.0,17.0,2.0,8.0,,6,,12.5,Active,Soft,7f209y,0.0,0.0,0.0,0.0,0.0666666666666666,2.70805020110221,0.0,0,0,0.08,0.5,0.0,0.5,0.5,8.0,11.9950423420845,10.79652963945915,0.11617023406943872,0.35557451495276515,8.61,0.45,0.38,11.6,35.6
Vichy,10:08,Makilight,Christopher Grosbois,Mme M Bruere,0.0,2.0,2.0,8.0,,6,84,14.583333333333336,Active,Soft,7f209y,0.0,0.0,0.0,0.0,0.0571428571428571,2.862200880929469,0.0,0,0,0.06857142857142856,0.44285714285714295,0.0,0.5,0.5,6.857142857142856,11.423849849604286,10.053837751865856,0.10817889858439036,0.3379935768856588,9.24,0.58,0.49,10.8,33.8
Vichy,10:38,Laetibey,Marvin Grandin,G Mosse,0.046363636363636364,17.0,2.0,7.0,,12,23,4.166666666666667,Active,Soft,6f211y,0.0,0.0,0.0,0.0,0.2,1.6094379124341005,0.0,0,0,0.24,0.75,0.3882669055082848,0.5,0.5,24.0,8.880361879342486,13.416253315539738,0.13716083229559164,0.4017538310503016,7.29,-0.43,-0.34,13.7,40.2
Vichy,10:38,Arwood,Hugo Boutin,Dalibor Torok,0.0,0.0,2.0,7.0,,12,9,6.25,Active,Soft,6f211y,0.0,0.0,0.0,0.0,0.1333333333333333,2.0149030205422647,0.0,0,0,0.16,0.5,0.0,0.5,0.5,16.0,5.797000546155431,8.857900382308802,0.09055859040926562,0.2992288989003844,11.04,-0.43,-0.39,9.1,29.9
Vichy,10:38,Defi,Antoine Hamelin,Frau A Budka,0.0,3.0,2.0,7.0,,12,03,8.333333333333334,Active,Soft,6f211y,0.0,0.0,0.0,0.0,0.1,2.302585092994046,0.0,0,0,0.12,0.6428571428571429,0.0,0.5,0.5,12.0,6.487119658792982,8.140983761155088,0.08322920580901436,0.28310425277983164,12.02,-0.31,-0.3,8.3,28.3
Vichy,10:38,Hockney,Antonio Orani,J Reynier,0.061875,11.0,2.0,7.0,,12,06,10.416666666666666,Active,Soft,6f211y,0.0,0.0,0.0,0.0,0.08,2.525728644308256,0.0,0,0,0.096,0.44285714285714295,0.5181650246305418,0.5,0.5,9.6,8.024122010085321,8.496885407059725,0.0868677600923558,0.29110907220318283,11.51,-0.1,-0.16,8.7,29.1
Vichy,10:38,Alfiya,Martin Protti,H-A Pantall,0.11941176470588236,29.0,2.0,7.0,,12,8,12.5,Active,Soft,6f211y,0.0,0.0,0.0,0.0,0.0666666666666666,2.70805020110221,0.0,0,0,0.08,0.5,1.0,0.5,0.5,8.0,10.627834334618289,9.839484034232802,0.10059379379273913,0.3213063463440261,9.94,0.26,0.06,10.1,32.1
Vichy,10:38,Chanson Douce,Hugo Besnier,P Cottier,0.10833333333333332,13.0,2.0,7.0,,12,02,14.583333333333336,Active,Soft,6f211y,0.0,0.0,0.0,0.0,0.0571428571428571,2.862200880929469,0.0,0,0,0.06857142857142856,0.6428571428571429,0.9072249589490967,0.5,0.5,6.857142857142856,10.869772644221108,9.665983708097631,0.0988200162278289,0.3174040357012236,10.12,0.44,0.18,9.9,31.7
Vichy,10:38,Perle De Lune,Marie Velon,C Escuder,0.07071428571428572,9.0,2.0,7.0,,12,0,16.666666666666668,Active,Soft,6f211y,0.0,0.0,0.0,0.0,0.05,2.995732273553991,0.0,0,0,0.06,0.5,0.5921885995777622,0.5,0.5,6.0,8.657765242138186,7.86043566949673,0.08036102727617243,0.27679426000757934,12.44,0.34,0.14,8.0,27.7
Vichy,10:38,Periwinkle,Aurelien Lemaitre,S Kobayashi,0.1111111111111111,4.0,2.0,7.0,,12,77,18.75,Active,Soft,6f211y,0.0,0.0,0.0,0.0,0.0444444444444444,3.1135153092103742,0.0,0,0,0.05333333333333334,0.5,0.930487137383689,0.5,0.5,5.333333333333334,10.292029249158638,8.0,0.08178786078030975,0.27993329371668146,12.23,0.53,0.27,8.2,28.0
Vichy,10:38,Kandors,Nicolas Astier,F Foresi,0.04000000000000001,20.0,2.0,7.0,,12,,20.833333333333332,Active,Soft,6f211y,0.0,0.0,0.0,0.0,0.04,3.218875824868201,0.0,0,0,0.048,0.5,0.3349753694581281,0.5,0.5,4.8,7.415210879236586,6.630647615465609,0.06778831050712426,0.2491342831156734,14.75,0.41,0.24,6.8,24.9
Vichy,10:38,Oscar De Skirt,Xavier Bergeron,D Chenu,0.0,6.0,2.0,7.0,,12,,22.916666666666668,Active,Soft,6f211y,0.0,0.0,0.0,0.0,0.0363636363636363,3.3141860046725258,0.0,0,0,0.04363636363636363,0.5,0.0,0.5,0.5,4.363636363636363,5.797000546155431,5.36699129139971,0.05486934206876679,0.22071255255128697,18.23,0.26,0.19,5.5,22.1
Vichy,10:38,Dublin Calling,Cristian Demuro,A Botti,0.06666666666666667,10.0,2.0,7.0,,12,,25.0,Active,Soft,6f211y,0.0,0.0,0.0,0.0,0.0333333333333333,3.4011973816621555,0.0,0,0,0.04,0.5,0.5582922824302134,0.5,0.5,4.0,8.494017767957356,6.0,0.06134089558523231,0.2349499702875111,16.3,0.53,0.36,6.1,23.5
Vichy,10:38,Si Noir,Malone Favriaux,C Escuder,0.07071428571428572,9.0,2.0,7.0,,12,,27.083333333333332,Active,Soft,6f211y,0.0,0.0,0.0,0.0,0.0307692307692307,3.481240089335692,0.0,0,0,0.036923076923076927,0.5,0.5921885995777622,0.5,0.5,3.6923076923076925,8.657765242138186,5.538461538461538,0.05662236515559906,0.22456920334231795,17.66,0.53,0.4,5.7,22.5
Vichy,11:08,Windjana,V Dupont,Yoann Bonnefoy,0.0,8.0,8.0,10.0,Class 4,9,031772,4.166666666666667,Active,Soft,1m1f207y,0.0,0.0,0.0,0.0,0.2,1.6094379124341005,0.0,0,0,0.24,0.65,0.0,0.5,0.5,24.0,9.994384976055679,14.196069483238976,0.145872387736039,0.4209192530192858,6.86,-0.39,-0.31,14.6,42.1
Vichy,11:08,Rabbah,Riccardo Iacopini,C Escuder,0.07071428571428572,9.0,7.0,10.0,Class 4,9,569210,6.25,Active,Soft,1m1f207y,0.0,0.0,0.0,0.0,0.1333333333333333,2.0149030205422647,0.0,0,0,0.16,0.7,0.9565217391304348,0.5,0.5,16.0,17.445915159491715,17.0121406116442,0.17480906066652865,0.4845799334663631,5.72,0.09,-0.01,17.5,48.5
Vichy,11:08,Mahjouba,Jerome Moutard,Yoann Bonnefoy,0.0,8.0,4.0,10.0,Class 4,9,609375,8.333333333333334,Active,Soft,1m1f207y,0.0,0.0,0.0,0.0,0.1,2.302585092994046,0.0,0,0,0.12,0.51,0.0,0.5,0.5,12.0,8.957930237798053,9.870551166458636,0.10142531836872581,0.3231357004111968,9.86,-0.15,-0.2,10.1,32.3
Vichy,11:08,Tanfepas,Mohammad Zeeshaan Sahebjan,L Boualem,0.0,1.0,4.0,10.0,Class 4,9,65-009,10.416666666666666,Active,Soft,1m1f207y,0.0,0.0,0.0,0.0,0.08,2.525728644308256,0.0,0,0,0.096,0.49000000000000005,0.0,0.5,0.5,9.6,8.809865275189823,9.046905692632876,0.09296191009527377,0.3045162022096023,10.76,-0.03,-0.12,9.3,30.5
Vichy,11:08,Lagoone Chope,F Foresi,F Foresi,0.04000000000000001,20.0,7.0,10.0,Class 4,9,439586,12.5,Active,Soft,1m1f207y,0.0,0.0,0.0,0.0,0.0666666666666666,2.70805020110221,0.0,0,0,0.08,0.44000000000000006,0.5410628019323672,0.5,0.5,8.0,12.445325045510307,11.111727531857214,0.11417908519383153,0.3511939874264294,8.76,0.43,0.16,11.4,35.1
Vichy,11:08,Maydy De Romay,Christopher Raimbault,Adrien Fouassier,0.07392857142857143,23.0,4.0,10.0,Class 4,9,14-744,14.583333333333336,Active,Soft,1m1f207y,0.0,0.0,0.0,0.0,0.0571428571428571,2.862200880929469,0.0,0,0,0.06857142857142856,0.42000000000000004,1.0,0.5,0.5,6.857142857142856,15.694886036472619,13.043563082673689,0.13402975335544365,0.3948654573819761,7.46,0.95,0.47,13.4,39.5
Vichy,11:08,Vas Y Lez,Malone Favriaux,Mme Isabelle Juteau,0.0,2.0,4.0,10.0,Class 4,9,334442,16.666666666666668,Active,Soft,1m1f207y,0.0,0.0,0.0,0.0,0.05,2.995732273553991,0.0,0,0,0.06,0.54,0.0,0.5,0.5,6.0,9.180027681710401,8.22601937719728,0.08452685368520127,0.2859590781074428,11.83,0.41,0.18,8.5,28.6
Vichy,11:08,Stranger,Julia LaCroix,B Legros,0.0,3.0,9.0,10.0,Class 4,9,705757,18.75,Active,Soft,1m1f207y,0.0,0.0,0.0,0.0,0.0444444444444444,3.1135153092103742,0.0,0,0,0.05333333333333334,0.46,0.0,0.5,0.5,5.333333333333334,8.587767831277473,7.611437481894232,0.07821168816469964,0.27206571396233925,12.79,0.47,0.24,7.8,27.2
Vichy,11:08,What Do You Say,Mme Maelie Pien,D Raballand,0.0,3.0,10.0,10.0,Class 4,9,0-8000,20.833333333333332,Active,Soft,1m1f207y,0.0,0.0,0.0,0.0,0.04,3.218875824868201,0.0,0,0,0.048,0.5,0.0,0.5,0.5,4.8,8.883897756493935,7.199999999999999,0.07398394273425664,0.26276467401536463,13.52,0.54,0.31,7.4,26.3
Vichy,11:40,Max Verst,Hugo Boutin,R Fradet,0.0,4.0,7.0,10.0,Class 3,8,836285,4.166666666666667,Active,Soft,1m1f207y,0.0,0.0,0.0,0.0,0.2,1.6094379124341005,0.0,0,0,0.24,0.5,0.0,1.0,0.5,24.0,10.7746817614492,14.742277233014438,0.1554230357133357,0.44193067856933854,6.43,-0.35,-0.28,15.5,44.2
Vichy,11:40,Trophane,Antoine Subias,E Libaud,0.0,4.0,5.0,10.0,Class 3,8,7-1500,6.25,Active,Soft,1m1f207y,0.0,0.0,0.0,0.0,0.1333333333333333,2.0149030205422647,0.0,0,0,0.16,0.53,0.0,1.0,0.5,16.0,10.976707044476372,12.48369493113346,0.13161153683712193,0.38954538104166825,7.6,-0.18,-0.2,13.2,39.0
Vichy,11:40,Sous La Neige,Cristian Demuro,Gavin Hernon,0.05647058823529412,12.0,6.0,10.0,Class 3,8,207084,8.333333333333334,Active,Soft,1m1f207y,0.0,87.0,0.0,0.0,0.1,2.302585092994046,-87.0,0,1,0.12,0.4600000000000001,0.5647058823529412,0.0,0.5,12.0,8.92080269367044,9.844561885569307,0.10378801519866136,0.328333633437055,9.64,-0.14,-0.19,10.4,32.8
Vichy,11:40,Almiro,Malone Favriaux,P Decouz,0.1,5.0,6.0,10.0,Class 3,8,940200,10.416666666666666,Active,Soft,1m1f207y,0.0,0.0,0.0,0.0,0.08,2.525728644308256,0.0,0,0,0.096,0.55,1.0,1.0,0.5,9.6,17.845566667400234,15.371896667180163,0.16206090869967488,0.4565339991392847,6.17,0.69,0.32,16.2,45.7
Vichy,11:40,Starnberg,Marvin Grandin,C Escuder,0.07071428571428572,9.0,4.0,10.0,Class 3,8,546306,12.5,Active,Soft,1m1f207y,0.0,0.0,0.0,0.0,0.0666666666666666,2.70805020110221,0.0,0,0,0.08,0.5,0.7071428571428571,1.0,0.5,8.0,15.536706289946833,13.275694402962783,0.1399613297659517,0.4079149254850938,7.14,0.75,0.35,14.0,40.8
Vichy,11:40,Senorito,Antonio Orani,N Perret,0.057777777777777775,13.0,4.0,10.0,Class 3,8,-65049,14.583333333333336,Active,Soft,1m1f207y,0.0,0.0,0.0,0.0,0.0571428571428571,2.862200880929469,0.0,0,0,0.06857142857142856,0.46,0.5777777777777777,1.0,0.5,6.857142857142856,14.396172020158513,12.134463271253816,0.12792970099264686,0.3814453421838231,7.82,0.87,0.42,12.8,38.1
Vichy,11:40,Sea The Aurora,Aurelien Lemaitre,Dalibor Torok,0.0,0.0,4.0,10.0,Class 3,8,71560-,16.666666666666668,Active,Soft,1m1f207y,0.0,0.0,0.0,0.0,0.05,2.995732273553991,0.0,0,0,0.06,0.5,0.0,1.0,0.5,6.0,10.7746817614492,9.0,0.09488407383138048,0.30874496242903704,10.54,0.58,0.28,9.5,30.9
Vichy,11:40,Arnaga,Mme Maelie Pien,D Raballand,0.0,3.0,4.0,10.0,Class 3,8,8-0080,18.75,Active,Soft,1m1f207y,0.0,0.0,0.0,0.0,0.0444444444444444,3.1135153092103742,0.0,0,0,0.05333333333333334,0.5,0.0,1.0,0.5,5.333333333333334,10.7746817614492,8.0,0.08434139896122708,0.28555107771469956,11.86,0.58,0.3,8.4,28.6
Vichy,12:12,Nympheas,Mohammad Zeeshaan Sahebjan,F Boualem,0.0,1.0,3.0,9.0,,11,621115,4.166666666666667,Active,Soft,1m1f43y,0.0,0.0,0.0,0.0,0.2,1.6094379124341005,0.0,0,0,0.24,0.7600000000000001,0.0,0.5,0.5,24.0,9.123137689316588,13.58619638252161,0.13819666070956949,0.4040326535610529,7.24,-0.42,-0.34,13.8,40.4
Vichy,12:12,Starry Sky,Jerome Moutard,P Schiergen,0.0,0.0,3.0,9.0,,11,2291,6.25,Active,Soft,1m1f43y,0.0,0.0,0.0,0.0,0.1333333333333333,2.0149030205422647,0.0,0,0,0.16,0.775,0.0,0.5,0.5,16.0,9.216868555987649,11.251807989191352,0.11445162776035908,0.35179358107279,8.74,-0.28,-0.28,11.4,35.2
Vichy,12:12,Spirit Girl,Maxence Marquette,H-A Pantall,0.11941176470588236,29.0,3.0,9.0,,11,166,8.333333333333334,Active,Soft,1m1f43y,0.0,0.0,0.0,0.0,0.1,2.302585092994046,0.0,0,0,0.12,0.5333333333333334,1.0,0.5,0.5,12.0,13.955484593246833,13.368839215272782,0.13598573766316607,0.39916862285896537,7.35,0.13,-0.02,13.6,39.9
Vichy,12:12,Bacherovka,Malone Favriaux,C Escuder,0.07071428571428572,9.0,3.0,9.0,,11,3738,10.416666666666666,Active,Soft,1m1f43y,0.0,0.0,0.0,0.0,0.08,2.525728644308256,0.0,0,0,0.096,0.6000000000000001,0.5921885995777622,0.5,0.5,9.6,11.82376515623497,11.156635609364479,0.11348354922582699,0.3496638082968194,8.81,0.18,0.01,11.3,35.0
Vichy,12:12,Labellegnac,Antoine Subias,Mme M Solignac,0.0,3.0,3.0,9.0,,11,9-85,12.5,Active,Soft,1m1f43y,0.0,0.0,0.0,0.0,0.0666666666666666,2.70805020110221,0.0,0,0,0.08,0.4555555555555556,0.0,0.5,0.5,8.0,7.220748247252094,7.454523773076465,0.07582624773071797,0.26681774500757954,13.19,-0.05,-0.12,7.6,26.7
Vichy,12:12,Tarasoft,Mme Laura Poggionovo,R Fradet,0.0,4.0,3.0,9.0,,11,3750,14.583333333333336,Active,Soft,1m1f43y,0.0,0.0,0.0,0.0,0.0571428571428571,2.862200880929469,0.0,0,0,0.06857142857142856,0.49500000000000005,0.0,0.5,0.5,6.857142857142856,7.46722571146118,7.2842008551656825,0.07409374969853424,0.26300624933677536,13.5,0.08,-0.02,7.4,26.3
Vichy,12:12,Pepsi Des Bernets,Costantino Carboni,Allan Estrabol,0.0,3.0,3.0,9.0,,11,8,16.666666666666668,Active,Soft,1m1f43y,0.0,0.0,0.0,0.0,0.05,2.995732273553991,0.0,0,0,0.06,0.5,0.0,0.5,0.5,6.0,7.498469333684865,7.048928533579405,0.07170059650943122,0.2577413123207487,13.95,0.2,0.07,7.2,25.8
Vichy,12:12,Agnesit'a,Riccardo Iacopini,C Escuder,0.07071428571428572,9.0,3.0,9.0,,11,589350,18.75,Active,Soft,1m1f43y,0.0,0.0,0.0,0.0,0.0444444444444444,3.1135153092103742,0.0,0,0,0.05333333333333334,0.52,0.5921885995777622,0.5,0.5,5.333333333333334,11.323867200655977,8.0,0.0813747464374102,0.2790244421623025,12.29,0.53,0.27,8.1,27.9
Vichy,12:12,Cosmic Moon,V Dupont,Mathieu Pitart,0.0,14.0,3.0,9.0,,11,00880,20.833333333333332,Active,Soft,1m1f43y,0.0,0.0,0.0,0.0,0.04,3.218875824868201,0.0,0,0,0.048,0.5,0.0,0.5,0.5,4.8,7.498469333684865,6.688928533579405,0.06803873291974777,0.2496852124234451,14.7,0.42,0.24,6.8,25.0
Vichy,12:12,Charismatic Gold,K Gaudeffroy,E Lacaille,0.0,8.0,3.0,9.0,,11,9698,22.916666666666668,Active,Soft,1m1f43y,0.0,0.0,0.0,0.0,0.0363636363636363,3.3141860046725258,0.0,0,0,0.04363636363636363,0.48000000000000004,0.0,0.5,0.5,4.363636363636363,7.37349484479012,6.470537300443992,0.06581729151717931,0.2447980413377945,15.19,0.51,0.32,6.6,24.5
Vichy,12:12,Madame Gazelle,Julia LaCroix,Allan Estrabol,0.0,3.0,3.0,9.0,,11,7,25.0,Active,Soft,1m1f43y,0.0,0.0,0.0,0.0,0.0333333333333333,3.4011973816621555,0.0,0,0,0.04,0.5,0.0,0.5,0.5,4.0,7.498469333684865,6.0,0.06103105982805765,0.23426833162172683,16.39,0.53,0.36,6.1,23.4
Vichy,12:44,Angel Dreamer,Costantino Carboni,J Bossert,0.0,0.0,3.0,7.0,Class 3,14,796876,4.166666666666667,Active,Soft,6f211y,0.0,0.0,0.0,0.0,0.2,1.6094379124341005,0.0,0,0,0.24,0.45000000000000007,0.0,0.5,0.5,24.0,5.1902777214985285,10.83319440504897,0.10810305119201041,0.3378267126224229,9.25,-0.55,-0.45,10.8,33.8
Vichy,12:44,Yoda,Marie Velon,Mme Manon Scandella-Lacaille,0.04000000000000001,20.0,3.0,7.0,Class 3,14,676466,6.25,Active,Soft,6f211y,0.0,0.0,0.0,0.0,0.1333333333333333,2.0149030205422647,0.0,0,0,0.16,0.4,0.5000000000000001,0.5,0.5,16.0,7.221255960345779,9.854879172242045,0.09834056953242162,0.3163492529713276,10.17,-0.39,-0.35,9.8,31.6
Vichy,12:44,Oblenskhy,Aurelien Lemaitre,N Perret,0.057777777777777775,13.0,3.0,7.0,Class 3,14,-98068,8.333333333333334,Active,Soft,6f211y,0.0,0.0,0.0,0.0,0.1,2.302585092994046,0.0,0,0,0.12,0.47000000000000003,0.7222222222222222,0.5,0.5,12.0,8.540138125325598,9.578096687727918,0.09557859278080555,0.3102729041177722,10.46,-0.2,-0.23,9.6,31.0
Vichy,12:44,Schwangau,A D'jji,N Perret,0.057777777777777775,13.0,3.0,7.0,Class 3,14,-49540,10.416666666666666,Active,Soft,6f211y,0.0,0.0,0.0,0.0,0.08,2.525728644308256,0.0,0,0,0.096,0.45,0.7222222222222222,0.5,0.5,9.6,8.449872425821276,8.794910698074894,0.0877632806977078,0.29307921753495714,11.39,-0.09,-0.15,8.8,29.3
Vichy,12:44,Andugal,Mme Marie Waldhauser,F Foresi,0.04000000000000001,20.0,3.0,7.0,Class 3,14,480750,12.5,Active,Soft,6f211y,0.0,0.0,0.0,0.0,0.0666666666666666,2.70805020110221,0.0,0,0,0.08,0.47000000000000003,0.5000000000000001,0.5,0.5,8.0,7.5371859086109065,7.676030136027634,0.07659811572841972,0.2685158546025234,13.06,-0.04,-0.11,7.7,26.9
Vichy,12:44,Wana Chope,Mohammad Zeeshaan Sahebjan,L Boualem,0.0,1.0,3.0,7.0,Class 3,14,4679-9,14.583333333333336,Active,Soft,6f211y,0.0,0.0,0.0,0.0,0.0571428571428571,2.862200880929469,0.0,0,0,0.06857142857142856,0.49000000000000005,0.0,0.5,0.5,6.857142857142856,5.370809120507173,5.816709241497877,0.05804419208148076,0.2276972225792577,17.23,-0.15,-0.15,5.8,22.8
Vichy,12:44,Treize Active,Nicolas Astier,F Foresi,0.04000000000000001,20.0,3.0,7.0,Class 3,14,-78808,16.666666666666668,Active,Soft,6f211y,0.0,0.0,0.0,0.0,0.05,2.995732273553991,0.0,0,0,0.06,0.5,0.5000000000000001,0.5,0.5,6.0,7.672584457867389,7.170809120507172,0.07155658030848547,0.2574244766786681,13.97,0.19,0.06,7.2,25.7
Vichy,12:44,Little Havana,Hugo Besnier,Gianluca Bietolini,0.08,8.0,3.0,7.0,Class 3,14,0-88,18.75,Active,Soft,6f211y,0.0,0.0,0.0,0.0,0.0444444444444444,3.1135153092103742,0.0,0,0,0.05333333333333334,0.5,1.0,0.5,0.5,5.333333333333334,9.929226945475444,8.0,0.07983096925990908,0.2756281323718,12.53,0.5,0.25,8.0,27.6
Vichy,12:44,Possi,Cristian Demuro,C Escuder,0.07071428571428572,9.0,3.0,7.0,Class 3,14,783305,20.833333333333332,Active,Soft,6f211y,0.0,0.0,0.0,0.0,0.04,3.218875824868201,0.0,0,0,0.048,0.535,0.8839285714285714,0.5,0.5,4.8,9.563328484984709,7.199999999999999,0.07184787233391816,0.25806531913461994,13.92,0.5,0.28,7.2,25.8
Vichy,12:44,Princess Alma,Malone Favriaux,R Chotard,0.0,4.0,3.0,7.0,Class 3,14,734050,22.916666666666668,Active,Soft,6f211y,0.0,0.0,0.0,0.0,0.0363636363636363,3.3141860046725258,0.0,0,0,0.04363636363636363,0.46,0.0,0.5,0.5,4.363636363636363,5.23541057125069,4.973878308966392,0.049633690798203074,0.2091941197560468,20.15,0.14,0.13,5.0,20.9
Vichy,12:44,Melodie Italienne,Antonio Orani,J Reynier,0.061875,11.0,3.0,7.0,Class 3,14,4676,25.0,Active,Soft,6f211y,0.0,0.0,0.0,0.0,0.0333333333333333,3.4011973816621555,0.0,0,0,0.04,0.43000000000000005,0.7734375,0.5,0.5,4.0,8.590755870012917,6.0,0.059873226944931815,0.23172109927885,16.7,0.5,0.34,6.0,23.2
Vichy,12:44,Zenata,Leonard Plommee,M Cesandri,0.0,3.0,3.0,7.0,Class 3,14,405635,27.083333333333332,Active,Soft,6f211y,0.0,0.0,0.0,0.0,0.0307692307692307,3.481240089335692,0.0,0,0,0.036923076923076927,0.505,0.0,0.5,0.5,3.6923076923076925,5.438508395135414,4.914648184287097,0.049042641015386405,0.20789381023385012,20.39,0.33,0.29,4.9,20.8
Vichy,12:44,Asprila,Marvin Grandin,M Krebs,0.0,1.0,3.0,7.0,Class 3,14,279956,29.16666666666667,Active,Soft,6f211y,0.0,0.0,0.0,0.0,0.0285714285714285,3.555348061489413,0.0,0,0,0.03428571428571428,0.43000000000000005,0.0,0.5,0.5,3.428571428571428,5.100012021994206,4.598579843967372,0.0458886357703746,0.20095499869482414,21.79,0.34,0.33,4.6,20.1
Vichy,12:44,Naidee,Martin Protti,P De Chevigny,0.0,1.0,3.0,7.0,Class 3,14,974033,31.25,Active,Soft,6f211y,0.0,0.0,0.0,0.0,0.0266666666666666,3.624340932976365,0.0,0,0,0.032,0.665,0.0,0.5,0.5,3.2,6.160633991169992,4.800000000000001,0.04789858155594546,0.20537687942308003,20.88,0.5,0.45,4.8,20.5
Vichy,9:08,Tudo Bem,Hugo Boutin,M Boutin,0.17911764705882352,29.0,10.0,5.0,Class 4,8,576863,4.166666666666667,Active,Soft,4f213y,0.0,0.0,0.0,0.0,0.2,1.6094379124341005,0.0,0,0,0.24,0.56,1.0,0.5,0.5,24.0,18.585526315789473,20.20986842105263,0.21311592634040122,0.5688550379488827,4.69,-0.11,-0.07,21.3,56.9
Vichy,9:08,Revanche,D Santiago,C Plisson,0.0,17.0,5.0,5.0,Class 4,8,026099,6.25,Active,Soft,4f213y,0.0,0.0,0.0,0.0,0.1333333333333333,2.0149030205422647,0.0,0,0,0.16,0.49000000000000005,0.0,0.5,0.5,16.0,9.786184210526317,11.650328947368422,0.12285436966043803,0.37027961325296366,8.14,-0.23,-0.24,12.3,37.0
Vichy,9:08,Benvenuti,Leonard Plommee,M Cesandri,0.0,3.0,3.0,5.0,Class 4,8,506994,8.333333333333334,Active,Soft,4f213y,0.0,0.0,0.0,0.0,0.1,2.302585092994046,0.0,0,0,0.12,0.45000000000000007,0.0,0.5,0.5,12.0,9.457236842105264,10.220065789473683,0.10777204198492668,0.33709849236683875,9.28,-0.1,-0.17,10.8,33.7
Vichy,9:08,Audeladesetoiles,Xavier Bergeron,M Krebs,0.0,1.0,4.0,5.0,Class 4,8,070680,10.416666666666666,Active,Soft,4f213y,0.0,0.0,0.0,0.0,0.08,2.525728644308256,0.0,0,0,0.096,0.48000000000000004,0.0,0.5,0.5,9.6,9.703947368421053,9.672763157894737,0.10200065817938031,0.3244014479946367,9.8,0.06,-0.06,10.2,32.4
Vichy,9:08,Haaricia,Antonio Orani,L Boualem,0.0,1.0,6.0,5.0,Class 4,8,088645,12.5,Active,Soft,4f213y,0.0,0.0,0.0,0.0,0.0666666666666666,2.70805020110221,0.0,0,0,0.08,0.41000000000000003,0.0,0.5,0.5,8.0,9.128289473684212,8.789802631578949,0.09268971430941539,0.30391737148071385,10.79,0.16,0.0,9.3,30.4
Vichy,9:08,Go Johnny Go Go Go,Mme Marie Waldhauser,Louis Bernhardt,0.0,3.0,6.0,5.0,Class 4,8,662143,14.583333333333336,Active,Soft,4f213y,0.0,0.0,0.0,0.0,0.0571428571428571,2.862200880929469,0.0,0,0,0.06857142857142856,0.6950000000000001,0.0,0.5,0.5,6.857142857142856,11.472039473684212,10.087570488721806,0.10637486026324501,0.334024692579139,9.4,0.55,0.24,10.6,33.4
Vichy,9:08,Excalibur,Aurelien Lemaitre,Sofie Lanslots,0.0,1.0,9.0,5.0,Class 4,8,009671,16.666666666666668,Active,Soft,4f213y,0.0,0.0,0.0,0.0,0.05,2.995732273553991,0.0,0,0,0.06,0.68,0.0,0.5,0.5,6.0,11.348684210526317,9.0,0.09490627534544384,0.3087938057599765,10.54,0.58,0.28,9.5,30.9
Vichy,9:08,Hur Cat,Cristian Demuro,M Krebs,0.0,1.0,9.0,5.0,Class 4,8,593862,18.75,Active,Soft,4f213y,0.0,0.0,0.0,0.0,0.0444444444444444,3.1135153092103742,0.0,0,0,0.05333333333333334,0.5950000000000001,0.0,0.5,0.5,5.333333333333334,10.64967105263158,8.0,0.08436113364039452,0.28559449400886794,11.85,0.58,0.3,8.4,28.6
Vichy,9:08,Forza Bella,Mme Maelie Pien,D Raballand,0.0,3.0,4.0,5.0,Class 4,8,0-0000,20.833333333333332,Active,Soft,4f213y,0.0,0.0,0.0,0.0,0.04,3.218875824868201,0.0,0,0,0.048,0.5,0.0,0.5,0.5,4.8,9.868421052631579,7.199999999999999,0.07592502027635506,0.2670350446079811,13.17,0.58,0.33,7.6,26.7
Vichy,9:38,Game Run,Mme Marie Waldhauser,Elias Mikhalides,0.0,2.0,7.0,5.0,Class 4,10,543-58,4.166666666666667,Active,Soft,4f213y,0.0,0.0,0.0,0.0,0.2,1.6094379124341005,0.0,0,0,0.24,0.51,0.0,0.5,0.5,24.0,7.874456782971502,12.71211974808005,0.13407054783782882,0.3949552052432235,7.46,-0.44,-0.35,13.4,39.5
Vichy,9:38,Bacchilide,D Santiago,Maurizio Guarnieri,0.0,8.0,7.0,5.0,Class 4,10,606035,6.25,Active,Soft,4f213y,0.0,0.0,0.0,0.0,0.1333333333333333,2.0149030205422647,0.0,0,0,0.16,0.525,0.0,0.5,0.5,16.0,7.972074015818258,10.380451811072781,0.1094792126486147,0.3408542678269524,9.13,-0.32,-0.3,10.9,34.1
Vichy,9:38,Eternel,Marvin Grandin,S Labate,0.15384615384615385,8.0,6.0,5.0,Class 4,10,513652,8.333333333333334,Active,Soft,4f213y,0.0,0.0,0.0,0.0,0.1,2.302585092994046,0.0,0,0,0.12,0.5750000000000001,0.85891120373879,0.5,0.5,12.0,13.887100456644461,13.320970319651122,0.14049189465484865,0.4090821682406671,7.12,0.17,0.01,14.0,40.9
Vichy,9:38,King Robbe,Hugo Boutin,M Boutin,0.17911764705882352,29.0,9.0,5.0,Class 4,10,378051,10.416666666666666,Active,Soft,4f213y,0.0,0.0,0.0,0.0,0.08,2.525728644308256,0.0,0,0,0.096,0.67,1.0,0.5,0.5,9.6,15.423522789787155,13.676465952851007,0.14424119022801715,0.4173306185016378,6.93,0.5,0.2,14.4,41.7
Vichy,9:38,Andartis,Marie Velon,S Jesus,0.0,5.0,5.0,5.0,Class 4,10,-01005,12.5,Active,Soft,4f213y,0.0,0.0,0.0,0.0,0.0666666666666666,2.70805020110221,0.0,0,0,0.08,0.51,0.0,0.5,0.5,8.0,7.874456782971502,7.912119748080052,0.08344652585134826,0.2835823568729662,11.98,0.04,-0.06,8.3,28.4
Vichy,9:38,Coolmeen Royal,Hugo Besnier,Glen Braem,0.0,3.0,7.0,5.0,Class 4,10,800709,14.583333333333336,Active,Soft,4f213y,0.0,0.0,0.0,0.0,0.0571428571428571,2.862200880929469,0.0,0,0,0.06857142857142856,0.5,0.0,0.5,0.5,6.857142857142856,7.809378627740333,7.52370789656109,0.07935007374486794,0.27457016223870945,12.6,0.16,0.02,7.9,27.5
Vichy,9:38,Stellar Chop,Cristian Demuro,S Labate,0.15384615384615385,8.0,4.0,5.0,Class 4,10,668135,16.666666666666668,Active,Soft,4f213y,0.0,0.0,0.0,0.0,0.05,2.995732273553991,0.0,0,0,0.06,0.635,0.85891120373879,0.5,0.5,6.0,14.277569388031477,9.0,0.09492004122465107,0.3088240906942324,10.54,0.58,0.28,9.5,30.9
Vichy,9:38,Koutsounakos,Mme Frida Valle Skar,Sofie Lanslots,0.0,1.0,11.0,5.0,Class 4,10,1-0740,18.75,Active,Soft,4f213y,0.0,0.0,0.0,0.0,0.0444444444444444,3.1135153092103742,0.0,0,0,0.05333333333333334,0.47000000000000003,0.0,0.5,0.5,5.333333333333334,7.614144162046826,6.929900913432778,0.07308738670953183,0.26079225076097,13.68,0.37,0.19,7.3,26.1
Vichy,9:38,Expertise,Antonio Orani,F Boualem,0.0,1.0,6.0,5.0,Class 4,10,571054,20.833333333333332,Active,Soft,4f213y,0.0,0.0,0.0,0.0,0.04,3.218875824868201,0.0,0,0,0.048,0.48000000000000004,0.0,0.5,0.5,4.8,7.679222317277995,6.815455622094596,0.0718803698459999,0.2581368136611998,13.91,0.5,0.28,7.2,25.8
Vichy,9:38,King Of Chill,F Foresi,F Foresi,0.04000000000000001,20.0,4.0,5.0,Class 4,10,347300,22.916666666666668,Active,Soft,4f213y,0.0,0.0,0.0,0.0,0.0363636363636363,3.3141860046725258,0.0,0,0,0.04363636363636363,0.55,0.22331691297208545,0.5,0.5,4.363636363636363,9.588074676710475,6.545454545454545,0.06903275725429169,0.2518720659594417,14.49,0.58,0.36,6.9,25.2
