location,off_time,horse_name,jockey,trainer,trainer_win_pct,trainer_runs,age,distance_f,race_class,field_size,form_string,odds,status,going,distance,cd_winner,market_implied_prob,parsed_form_score,norm_trainer,market_pct,ai_pct,blended_win_pct,win_probability,place_probability,ai_fair_odds,win_ev,place_ev,win_percentage,place_percentage
Chepstow,2:06,Be An Angel,Jake Dickson,Rod Millman,0.10833333333333332,13.0,4.0,6.0,Class 6,7,-75126,4.166666666666667,Active,Good To Firm,0m6f16y,0.0,0.24,0.625,1.0,24.0,20.758270553553878,21.73078938748771,0.23311439596583516,0.6128516711248374,4.29,-0.03,0.0,23.3,61.3
Chepstow,2:06,Macanudo,Finlay Bassett(7),Ian Williams,0.08888888888888889,40.0,5.0,6.0,Class 6,7,647-03,6.25,Active,Good To Firm,0m6f16y,0.0,0.16,0.5900000000000001,0.8205128205128206,16.0,18.018342613822472,17.41283982967573,0.1867941180858306,0.5109470597888274,5.35,0.17,0.05,18.7,51.1
Chepstow,2:06,Arnaz,Hope Regan(7),Mark Loughnane,0.08708333333333333,19.0,5.0,6.0,Class 6,7,607878,8.333333333333334,Active,Good To Firm,0m6f16y,0.0,0.12,0.5,0.8038461538461539,12.0,16.65574844415329,15.2590239109073,0.16368932018951504,0.4601165044169331,6.11,0.36,0.13,16.4,46.0
Chepstow,2:06,Marisitta,Alexandra Egan,John O'Shea,0.0,3.0,6.0,6.0,Class 6,7,475615,10.416666666666666,Active,Good To Firm,0m6f16y,0.0,0.096,0.5800000000000001,0.0,9.6,7.409105797576156,8.066374058303309,0.08653104508566815,0.29036829918846996,11.56,-0.1,-0.16,8.7,29.0
Chepstow,2:06,Sundiata Keita,Charlie Tucker(3),John & Rhys Flint,0.0,6.0,4.0,6.0,Class 6,7,489-52,12.5,Active,Good To Firm,0m6f16y,0.0,0.08,0.5700000000000001,0.0,8.0,7.28136259416967,7.4969538159187685,0.08042265880078606,0.2769298493617294,12.43,0.01,-0.09,8.0,27.7
Chepstow,2:06,Some Nightmare,Jude Fernandes(3),John O'Shea,0.0,3.0,9.0,6.0,Class 6,7,354337,14.583333333333336,Active,Good To Firm,0m6f16y,0.0,0.06857142857142856,0.615,0.0,6.857142857142856,7.856207009498853,7.5564877637920524,0.08106130197432548,0.27833486434351606,12.34,0.18,0.03,8.1,27.8
Chepstow,2:06,Outer Edge,Matthew Lloyd Slater,Christopher Mason,0.08166666666666668,7.0,5.0,6.0,Class 6,7,44-545,16.666666666666668,Active,Good To Firm,0m6f16y,0.0,0.06,0.4,0.753846153846154,6.0,14.739600393056012,9.0,0.09654640364332706,0.31240208801531955,10.36,0.61,0.29,9.7,31.2
Chepstow,2:06,Macarone,Olivia Haines,Grace Harris,0.0,14.0,5.0,6.0,Class 6,7,408752,18.75,Active,Good To Firm,0m6f16y,0.0,0.05333333333333334,0.5700000000000001,0.0,5.333333333333334,7.28136259416967,6.696953815918768,0.07184075625471253,0.2580496637603676,13.92,0.35,0.17,7.2,25.8
Chepstow,2:41,Our Fella,Taylor Fisher,J S Moore,0.05647058823529412,12.0,2.0,5.0,Class 6,8,53023,4.166666666666667,Active,Good To Firm,0m5f16y,0.0,0.24,0.7000000000000001,0.4235294117647059,24.0,12.355686033061032,15.848980223142721,0.17209457477590956,0.4786080645070011,5.81,-0.28,-0.22,17.2,47.9
Chepstow,2:41,Dreams Galore,Finley Marsh,Ollie Sangster,0.13333333333333333,10.0,2.0,5.0,Class 6,8,7471,6.25,Active,Good To Firm,0m5f16y,0.0,0.16,0.68,1.0,16.0,18.47530853948812,17.732715977641682,0.1925489320340066,0.5236076504748146,5.19,0.2,0.07,19.3,52.4
Chepstow,2:41,Chianti,Pierre-Louis Jamin,Archie Watson,0.0670967741935484,26.0,2.0,5.0,Class 6,8,543,8.333333333333334,Active,Good To Firm,0m5f16y,0.0,0.12,0.5555555555555556,0.503225806451613,12.0,11.643638296989227,11.750546807892459,0.1275921433314583,0.3807027153292083,7.84,0.06,-0.06,12.8,38.1
Chepstow,2:41,Dreamlover,George Wood,Richard Spencer,0.11307692307692309,21.0,2.0,5.0,Class 6,8,4354,10.416666666666666,Active,Good To Firm,0m5f16y,0.0,0.096,0.4700000000000001,0.8480769230769232,9.6,14.495165376562683,13.026615763593878,0.14144821111779496,0.41118606445914896,7.07,0.47,0.19,14.1,41.1
Chepstow,2:41,Crystal Kraken,Pat Dobbs,Dylan Cunha,0.1265625,27.0,2.0,5.0,Class 6,8,97352,12.5,Active,Good To Firm,0m5f16y,0.0,0.08,0.6200000000000001,0.94921875,8.0,17.257024150118973,14.47991690508328,0.15722873695886824,0.4459032213095102,6.36,0.97,0.47,15.7,44.6
Chepstow,2:41,Defiant Dream,Tyler Heard,Mark Usher,0.0,5.0,2.0,5.0,Class 6,8,926,14.583333333333336,Active,Good To Firm,0m5f16y,0.0,0.06857142857142856,0.538888888888889,0.0,6.857142857142856,5.926272911145331,6.205533894944589,0.06738217234624194,0.2482407791617323,14.84,-0.02,-0.08,6.7,24.8
Chepstow,2:41,Cash Flow Boy,Thomas Greatrex,Charlie Pike,0.0,5.0,2.0,5.0,Class 6,8,756,16.666666666666668,Active,Good To Firm,0m5f16y,0.0,0.06,0.4222222222222223,0.0,6.0,4.643265373680877,5.050285761576614,0.05483802543751407,0.220643655962531,18.24,-0.09,-0.09,5.5,22.1
Chepstow,2:41,Devon Angel,Georgia Dobie,Rod Millman,0.10833333333333332,13.0,2.0,5.0,Class 6,8,7063,18.75,Active,Good To Firm,0m5f16y,0.0,0.05333333333333334,0.5700000000000001,0.8124999999999999,5.333333333333334,15.203639318953762,8.0,0.08686720399820634,0.291107848796054,11.51,0.63,0.32,8.7,29.1
Chepstow,3:16,Bahia Bonita,Finley Marsh,Jack Jones,0.061875,11.0,2.0,6.0,Class 5,9,4,4.166666666666667,Active,Good To Firm,0m6f16y,0.0,0.24,0.4,0.3657635467980296,24.0,8.061479849696566,12.843035894787594,0.13543247601811068,0.39795144723984355,7.38,-0.44,-0.35,13.5,39.8
Chepstow,3:16,Global Success,Taylor Fisher,J S Moore,0.05647058823529412,12.0,2.0,6.0,Class 5,9,56325,6.25,Active,Good To Firm,0m6f16y,0.0,0.16,0.5750000000000001,0.3338162851347436,16.0,9.567449639414823,11.497214747590377,0.12124051301686829,0.36672912863711027,8.25,-0.24,-0.25,12.1,36.7
Chepstow,3:16,Romidijo,Pierre-Louis Jamin,Charlie Clover,0.16916666666666666,7.0,2.0,6.0,Class 5,9,830422,8.333333333333334,Active,Good To Firm,0m6f16y,0.0,0.12,0.655,1.0,12.0,17.422805260233556,15.795963682163489,0.16657171171154267,0.4664577657653939,6.0,0.39,0.15,16.7,46.6
Chepstow,3:16,So Sexy Me,Pat Cosgrave,Adam Kirby,0.0,9.0,2.0,6.0,Class 5,9,,10.416666666666666,Active,Good To Firm,0m6f16y,0.0,0.096,0.5,0.0,9.6,5.263687389798657,6.56458117285906,0.06922486938022213,0.2522947126364887,14.45,-0.28,-0.27,6.9,25.2
Chepstow,3:16,Eastern Queen,Donagh Murphy(7),John S O'Donoghue,0.14285714285714285,2.0,2.0,6.0,Class 5,9,58,12.5,Active,Good To Firm,0m6f16y,0.0,0.08,0.4571428571428572,0.844475721323012,8.0,13.702626595596898,11.991838616917828,0.1264564242600863,0.37820413337218983,7.91,0.58,0.25,12.6,37.8
Chepstow,3:16,Golden Caturra,Joe Leavy,John Gallagher,0.12375,11.0,2.0,6.0,Class 5,9,5,14.583333333333336,Active,Good To Firm,0m6f16y,0.0,0.06857142857142856,0.4,0.7315270935960592,6.857142857142856,11.912009787554204,10.3955497084308,0.10962322679122405,0.341171098940693,9.12,0.6,0.27,11.0,34.1
Chepstow,3:16,Independent Roze,Millie Wonnacott(5),Lisa Williamson,0.09272727272727273,6.0,2.0,6.0,Class 5,9,55,16.666666666666668,Active,Good To Firm,0m6f16y,0.0,0.06,0.4000000000000001,0.5481415136587551,6.0,9.981441058380401,8.78700874086628,0.09266082881939831,0.3038538234026763,10.79,0.54,0.26,9.3,30.4
Chepstow,3:16,Leading Raya,Tyler Heard,Mark Usher,0.0,5.0,2.0,6.0,Class 5,9,08,18.75,Active,Good To Firm,0m6f16y,0.0,0.05333333333333334,0.5,0.0,5.333333333333334,5.263687389798657,5.28458117285906,0.05572700402164768,0.2225994088476249,17.94,0.04,0.01,5.6,22.3
Chepstow,3:16,Voyage Of Survival,Gina Mangan,Alan McIntyre,0.0,2.0,2.0,6.0,Class 5,9,0,20.833333333333332,Active,Good To Firm,0m6f16y,0.0,0.048,0.5,0.0,4.8,5.263687389798657,5.12458117285906,0.05403977085182587,0.21888749587401693,18.5,0.13,0.09,5.4,21.9
Chepstow,3:16,Windmill,George Wood,Ollie Sangster,0.13333333333333333,10.0,2.0,6.0,Class 5,9,0,22.916666666666668,Active,Good To Firm,0m6f16y,0.0,0.04363636363636363,0.5,0.7881773399014779,4.363636363636363,13.561125639727575,6.545454545454545,0.06902317512907387,0.25185098528396255,14.49,0.58,0.36,6.9,25.2
Chepstow,3:51,Go Victor,Callum Shepherd,Tony Culhane & Stella Barclay,0.09272727272727273,6.0,3.0,6.0,Class 6,8,0-0091,4.166666666666667,Active,Good To Firm,0m6f16y,0.0,0.24,0.7000000000000001,0.5151515151515151,24.0,17.758656463407934,19.631059524385552,0.2207209469443225,0.5855860832775096,4.53,-0.08,-0.04,22.1,58.6
Chepstow,3:51,Cici's Secret,Edward Greatrex,Charlie Pike,0.0,5.0,3.0,6.0,Class 6,8,596-0,6.25,Active,Good To Firm,0m6f16y,0.0,0.16,0.46,0.0,16.0,6.722603618816271,9.50582253317139,0.10687829398102439,0.3351322467582537,9.36,-0.33,-0.31,10.7,33.5
Chepstow,3:51,Geemann,Taylor Fisher,Joe Tickle,0.18,6.0,3.0,6.0,Class 6,8,860-05,8.333333333333334,Active,Good To Firm,0m6f16y,0.0,0.12,0.45000000000000007,1.0,12.0,21.190815754964333,18.433571028475033,0.20725703816018493,0.5559654839524069,4.82,0.73,0.37,20.7,55.6
Chepstow,3:51,Ken Brulee,Rose Dawes(5),Mark Usher,0.0,5.0,3.0,6.0,Class 6,8,017436,10.416666666666666,Active,Good To Firm,0m6f16y,0.0,0.096,0.515,0.0,9.6,7.526393181935608,8.148475227354925,0.09161701975891832,0.3015574434696203,10.92,-0.05,-0.13,9.2,30.2
Chepstow,3:51,Rogue Rebellion,William Carver,R Harris,0.0,4.0,3.0,6.0,Class 6,8,993434,12.5,Active,Good To Firm,0m6f16y,0.0,0.08,0.54,0.0,8.0,7.891752074262579,7.924226451983804,0.08909568860052952,0.296010514921165,11.22,0.11,-0.02,8.9,29.6
Chepstow,3:51,My Mate Mackley,Pat Cosgrave,Adam Kirby,0.0,9.0,3.0,6.0,Class 6,8,813224,14.583333333333336,Active,Good To Firm,0m6f16y,0.0,0.06857142857142856,0.6100000000000001,0.0,6.857142857142856,8.914756972778099,8.297472738087524,0.09329226666142984,0.3052429866551457,10.72,0.36,0.13,9.3,30.5
Chepstow,3:51,Independent Angel,Millie Wonnacott(5),Lisa Williamson,0.09272727272727273,6.0,3.0,6.0,Class 6,8,94-004,16.666666666666668,Active,Good To Firm,0m6f16y,0.0,0.06,0.45000000000000007,0.5151515151515151,6.0,14.105067540138222,9.0,0.10119110076719505,0.3226204216878291,9.88,0.69,0.33,10.1,32.3
Chepstow,3:51,Music And Song,Alexandra Egan(7),David Flood,0.1111111111111111,4.0,3.0,6.0,Class 6,8,604589,18.75,Active,Good To Firm,0m6f16y,0.0,0.05333333333333334,0.47000000000000003,0.6172839506172839,5.333333333333334,15.889954393696964,8.0,0.0899476451263956,0.2978848192780703,11.12,0.69,0.36,9.0,29.8
Chepstow,4:26,Devious Devan,Pierre-Louis Jamin,William Muir & Chris Grassick,0.12,20.0,5.0,8.0,Class 6,12,801757,4.166666666666667,Active,Good To Firm,1m0f14y,0.0,0.24,0.52,0.6666666666666666,24.0,9.81297970097634,14.069085790683438,0.14550507191370474,0.42011115821015044,6.87,-0.39,-0.31,14.6,42.0
Chepstow,4:26,Fozzy Osbourne,Joe Leavy,Grace Harris,0.0,14.0,5.0,8.0,Class 6,12,95635,6.25,Active,Good To Firm,1m0f14y,0.0,0.16,0.505,0.0,16.0,4.1760292828593135,7.723220498001519,0.07987496634012066,0.2757249259482655,12.52,-0.5,-0.43,8.0,27.6
Chepstow,4:26,Too Much Trevor,Ashley Lewis(3),Grace Harris,0.0,14.0,5.0,8.0,Class 6,12,314417,8.333333333333334,Active,Good To Firm,1m0f14y,0.0,0.12,0.6200000000000001,0.0,12.0,5.12700624826292,7.188904373784044,0.07434897074697423,0.26356773564334335,13.45,-0.38,-0.35,7.4,26.4
Chepstow,4:26,Galactic Glow,Taylor Fisher,Joe Tickle,0.18,6.0,9.0,8.0,Class 6,12,232262,10.416666666666666,Active,Good To Firm,1m0f14y,0.0,0.096,0.645,1.0,9.6,13.603105287729845,12.402173701410891,0.12826556061695518,0.38218423335730145,7.8,0.34,0.1,12.8,38.2
Chepstow,4:26,Desert Charm,Callum Shepherd,Mike Murphy,0.0,7.0,4.0,8.0,Class 6,12,6-3112,12.5,Active,Good To Firm,1m0f14y,0.0,0.08,0.875,0.0,8.0,7.235694301983959,7.4649860113887705,0.07720425780196757,0.26984936716432867,12.95,-0.03,-0.11,7.7,27.0
Chepstow,4:26,Knightmare,Miss Amy Tucker(7),David Evans,0.046363636363636364,17.0,4.0,8.0,Class 6,12,522212,14.583333333333336,Active,Good To Firm,1m0f14y,0.0,0.06857142857142856,0.8250000000000001,0.25757575757575757,6.857142857142856,8.952213989207861,8.32369264958836,0.0860851597314125,0.28938735140910754,11.62,0.26,0.08,8.6,28.9
Chepstow,4:26,Redhot Whisper,Finley Marsh,Adrian Wintle,0.14476190476190476,16.0,5.0,8.0,Class 6,12,-90332,16.666666666666668,Active,Good To Firm,1m0f14y,0.0,0.06,0.7250000000000001,0.8042328042328042,6.0,12.64578410056486,9.0,0.09307965469160227,0.30477524032152503,10.74,0.55,0.26,9.3,30.5
Chepstow,4:26,The Bureau Club,Edward Greatrex,Charlie Pike,0.0,5.0,3.0,8.0,Class 6,12,446774,18.75,Active,Good To Firm,1m0f14y,0.0,0.05333333333333334,0.45000000000000007,0.0,5.333333333333334,3.7212142124488943,4.204849948714227,0.043487331250702414,0.19567212875154533,23.0,-0.18,-0.11,4.3,19.6
Chepstow,4:26,Ajrad,George Wood,Rod Millman,0.10833333333333332,13.0,8.0,8.0,Class 6,12,865653,20.833333333333332,Active,Good To Firm,1m0f14y,0.0,0.048,0.54,0.6018518518518519,4.8,9.442389643604889,7.199999999999999,0.07446372375328181,0.26382019225722,13.43,0.55,0.31,7.4,26.4
Chepstow,4:26,Scarfo,Charlie Tucker(7),Bernard Llewellyn,0.12375,3.0,5.0,8.0,Class 6,12,791322,22.916666666666668,Active,Good To Firm,1m0f14y,0.0,0.04363636363636363,0.775,0.6875,4.363636363636363,12.093946190458905,6.545454545454545,0.06769429432116529,0.24892744750656365,14.77,0.55,0.34,6.8,24.9
Chepstow,4:26,A Rose Adaay,Ben Ffrench Davis(5),Grace Harris,0.0,14.0,4.0,8.0,Class 6,12,-53533,25.0,Active,Good To Firm,1m0f14y,0.0,0.04,0.68,0.0,4.0,5.623168143256105,5.136217700279273,0.053119707773654476,0.21686335710203986,18.83,0.33,0.26,5.3,21.7
Chepstow,4:26,Weston Court,William Carver,R Harris,0.0,4.0,5.0,8.0,Class 6,12,652444,27.083333333333332,Active,Good To Firm,1m0f14y,0.0,0.036923076923076927,0.43500000000000005,0.0,3.6923076923076925,3.5971737387005978,3.625713924782726,0.037497800014367796,0.18249516003160915,26.67,0.02,0.13,3.7,18.2
Chepstow,4:26,Beau Chevalier,Gina Mangan,Ed de Giles,0.0,6.0,3.0,8.0,Class 6,12,0-9580,29.16666666666667,Active,Good To Firm,1m0f14y,0.0,0.03428571428571428,0.48000000000000004,0.0,3.428571428571428,3.9692951599454864,3.807078040533269,0.039373501044090944,0.1866217022970001,25.4,0.15,0.24,3.9,18.7
Chepstow,5:01,Pride Of Nepal,Donagh Murphy(7),Tony Carroll,0.0992156862745098,46.0,8.0,10.0,Class 5,6,711117,4.166666666666667,Active,Good To Firm,1m2f0y,0.0,0.24,0.8,1.0,24.0,24.762048321518755,24.533433825063128,0.26397878254956025,0.6807533216090326,3.79,0.1,0.22,26.4,68.1
Chepstow,5:01,Dancingondiamonds,Hugh Horgan(5),Olly Murphy,0.0,10.0,4.0,10.0,Class 5,6,5-53,6.25,Active,Good To Firm,1m2f0y,0.0,0.16,0.5555555555555556,0.0,16.0,7.642607506641591,10.149825254649112,0.10921172033716152,0.3402657847417554,9.16,-0.32,-0.21,10.9,34.0
Chepstow,5:01,Symphony's Song,Ryan Kavanagh(3),Ian Williams,0.08888888888888889,40.0,4.0,10.0,Class 5,6,4-6453,8.333333333333334,Active,Good To Firm,1m2f0y,0.0,0.12,0.54,0.8959156785243743,12.0,19.753451898470527,17.427416328929368,0.1875183139180177,0.512540290619639,5.33,0.56,0.45,18.8,51.3
Chepstow,5:01,Crimson Road,William Carson,John & Rhys Flint,0.0,6.0,5.0,10.0,Class 5,6,7-5941,10.416666666666666,Active,Good To Firm,1m2f0y,0.0,0.096,0.66,0.0,9.6,9.07941771789021,9.235592402523146,0.09937461082400091,0.318624143812802,10.06,0.04,0.07,9.9,31.9
Chepstow,5:01,Stipulation,George Wood,Mark Loughnane,0.08708333333333333,19.0,5.0,10.0,Class 5,6,338676,12.5,Active,Good To Firm,1m2f0y,0.0,0.08,0.44000000000000006,0.8777173913043478,8.0,18.127434287546613,15.08920400128263,0.16235924128286155,0.45719033082229543,6.16,1.03,0.77,16.2,45.7
Chepstow,5:01,Annexation,Molly Gunn(5),Tony Carroll,0.0992156862745098,46.0,10.0,10.0,Class 5,6,445275,14.583333333333336,Active,Good To Firm,1m2f0y,0.0,0.06857142857142856,0.5,1.0,6.857142857142856,20.635040267932297,16.501671044695463,0.17755733108839808,0.49062612839447584,5.63,1.59,1.16,17.8,49.1
Curragh,1:15,A I Nation,Jamie Powell,J P Murtagh,0.09904761904761905,16.0,2.0,6.0,,19,,4.166666666666667,Active,Good To Firm,0m6f0y,0.0,0.24,0.5,0.4668911335578002,24.0,5.746437399243898,11.222506179470727,0.11188894995512488,0.34615568990127477,8.94,-0.53,-0.38,11.2,34.6
Curragh,1:15,Atlantic Bridge,Donagh O'Connor,Robson De Aguiar,0.12375,3.0,2.0,6.0,,19,4,6.25,Active,Good To Firm,0m6f0y,0.0,0.16,0.4,0.5833333333333333,16.0,5.844156851244969,8.890909795871478,0.08864281696948993,0.29501419733287787,11.28,-0.45,-0.32,8.9,29.5
Curragh,1:15,Bengal Tiger,Jack Cleary(5),A P O'Brien,0.19714285714285715,30.0,2.0,6.0,,19,,8.333333333333334,Active,Good To Firm,0m6f0y,0.0,0.12,0.5,0.9292929292929293,12.0,8.494588540843997,9.546211978590797,0.09517621262596922,0.30938766777713234,10.51,-0.21,-0.12,9.5,30.9
Curragh,1:15,Jewel In A Crowd,Luke McAteer,Ciaran Murphy,0.1,25.0,2.0,6.0,,19,53,10.416666666666666,Active,Good To Firm,0m6f0y,0.0,0.096,0.6000000000000001,0.47138047138047134,9.6,6.367439514008385,7.337207659805869,0.07315232868039244,0.2609351230968634,13.67,-0.24,-0.12,7.3,26.1
Curragh,1:15,Joltin Joe,Gavin Ryan,Noel Meade,0.06666666666666667,25.0,2.0,6.0,,19,,12.5,Active,Good To Firm,0m6f0y,0.0,0.08,0.5,0.3142536475869809,8.0,4.839280711725418,5.787496498207792,0.057701630607074623,0.2269435873355642,17.33,-0.28,-0.12,5.8,22.7
Curragh,1:15,King Paddy,Gary Carroll,Paul W Flynn,0.0,22.0,2.0,6.0,,19,,14.583333333333336,Active,Good To Firm,0m6f0y,0.0,0.06857142857142856,0.5,0.0,6.857142857142856,2.971605178599137,4.137266482162252,0.04124875450908414,0.19074725991998512,24.24,-0.4,-0.16,4.1,19.1
Curragh,1:15,Marco Polo,Ronan Whelan,A P O'Brien,0.19714285714285715,30.0,2.0,6.0,,19,,16.666666666666668,Active,Good To Firm,0m6f0y,0.0,0.06,0.5,0.9292929292929293,6.0,8.494588540843997,7.7462119785907975,0.07723012226981998,0.269906268993604,12.95,0.29,0.33,7.7,27.0
Curragh,1:15,Mutamarid Lsk,J M Sheridan,Daniel James Murphy,0.0,3.0,2.0,6.0,,19,80,18.75,Active,Good To Firm,0m6f0y,0.0,0.05333333333333334,0.5,0.0,5.333333333333334,2.971605178599137,3.680123625019396,0.03669101727577641,0.1807202380067081,27.25,-0.31,-0.02,3.7,18.1
Curragh,1:15,My Lucky Journey,Declan McDonogh,J A Stack,0.0,4.0,2.0,6.0,,19,4,20.833333333333332,Active,Good To Firm,0m6f0y,0.0,0.048,0.4,0.0,4.8,2.3772841428793097,3.104098900015517,0.030948021852278837,0.16808564807501347,32.31,-0.36,0.0,3.1,16.8
Curragh,1:15,Nando The Great,Leigh Roche,Paul W Flynn,0.0,22.0,2.0,6.0,,19,,22.916666666666668,Active,Good To Firm,0m6f0y,0.0,0.04363636363636363,0.5,0.0,4.363636363636363,2.971605178599137,3.3892145341103044,0.03379063903639875,0.17433940588007726,29.59,-0.23,0.13,3.4,17.4
Curragh,1:15,New World Order,Oisin Murphy,J P Murtagh,0.09904761904761905,16.0,2.0,6.0,,19,,25.0,Active,Good To Firm,0m6f0y,0.0,0.04,0.5,0.4668911335578002,4.0,5.746437399243898,5.222506179470728,0.05206864876796079,0.21455102728951375,19.21,0.3,0.5,5.2,21.5
Curragh,1:15,Push The Boat Out,Colin Keane,M D O'Callaghan,0.061875,11.0,2.0,6.0,,19,,27.083333333333332,Active,Good To Firm,0m6f0y,0.0,0.036923076923076927,0.5,0.29166666666666663,3.6923076923076925,4.705041532781967,4.401221380639685,0.04388039809687537,0.19653687581312584,22.79,0.19,0.48,4.4,19.7
Curragh,1:15,Santerno,Dylan Browne McMonagle,Joseph Patrick O'Brien,0.11189189189189189,69.0,2.0,6.0,,19,5,29.16666666666667,Active,Good To Firm,0m6f0y,0.0,0.03428571428571428,0.4,0.5274365274365274,3.428571428571428,5.511950375504771,4.886936691424768,0.048723004127272145,0.20719060907999873,20.52,0.42,0.67,4.9,20.7
Curragh,1:15,Tradewinds,Paddy Harnett(5),Donnacha Aidan O'Brien,0.0,2.0,2.0,6.0,,19,53233,31.25,Active,Good To Firm,0m6f0y,0.0,0.032,0.75,0.0,3.2,4.457407767898705,4.080185437529094,0.04067965362874523,0.18949523798323953,24.58,0.27,0.62,4.1,18.9
Curragh,1:15,Brageiro,Shane Foley,Ross O'Sullivan,0.0,27.0,2.0,6.0,,19,,33.333333333333336,Active,Good To Firm,0m6f0y,0.0,0.03,0.5,0.0,3.0,2.971605178599137,2.9801236250193957,0.029711982137273926,0.16536636070200267,33.66,-0.01,0.5,3.0,16.5
Curragh,1:15,Katty,David Egan,Adrian Sexton,0.0,5.0,2.0,6.0,,19,,35.41666666666667,Active,Good To Firm,0m6f0y,0.0,0.028235294117647056,0.5,0.0,2.8235294117647056,2.971605178599137,2.927182448548807,0.02918415595032836,0.1642051430907224,34.27,0.03,0.58,2.9,16.4
Curragh,1:15,Luca Brillante,Chris Hayes,D K Weld,0.05647058823529412,12.0,2.0,6.0,,19,6,37.5,Active,Good To Firm,0m6f0y,0.0,0.02666666666666667,0.4,0.26619132501485443,2.666666666666667,3.959315182703924,3.571520627892747,0.0356082399427856,0.17833812787412834,28.08,0.34,0.81,3.6,17.8
Curragh,1:15,New Bond Street,W J Lee,P Twomey,0.21214285714285716,9.0,2.0,6.0,,19,53,39.583333333333336,Active,Good To Firm,0m6f0y,0.0,0.02526315789473684,0.6000000000000001,1.0,2.526315789473684,9.509136571517239,3.789473684210526,0.037781242855051016,0.18311873428111225,26.47,0.5,0.95,3.8,18.3
Curragh,1:15,Snowing,Ryan Moore,A P O'Brien,0.19714285714285715,30.0,2.0,6.0,,19,52,41.666666666666664,Active,Good To Firm,0m6f0y,0.0,0.024,0.6000000000000001,0.9292929292929293,2.4,9.088909576563825,3.5999999999999996,0.035892180712298466,0.17896279756705663,27.86,0.5,1.0,3.6,17.9
Curragh,1:45,Sword Of State,Rory Cleary,Brendan W Duke,0.2,5.0,2.0,7.0,,14,71,4.166666666666667,Active,Good To Firm,0m7f0y,0.0,0.24,0.7857142857142858,0.9427609427609427,24.0,9.801256521433906,14.060879565003734,0.13347138053681473,0.3936370371809924,7.49,-0.44,-0.29,13.3,39.4
Curragh,1:45,Admired Beauty,Declan McDonogh,J S Bolger,0.09272727272727273,6.0,2.0,7.0,,14,2,6.25,Active,Good To Firm,0m7f0y,0.0,0.16,0.75,0.4370982552800734,16.0,6.7313978959423535,9.511978527159647,0.09029142876782748,0.2986411432892205,11.08,-0.44,-0.31,9.0,29.9
Curragh,1:45,Alpine Wedding,W J Lee,P Twomey,0.21214285714285716,9.0,2.0,7.0,,14,53,8.333333333333334,Active,Good To Firm,0m7f0y,0.0,0.12,0.6000000000000001,1.0,12.0,9.072742366188326,9.950919656331827,0.09445803002588922,0.3078076660569563,10.59,-0.21,-0.13,9.4,30.8
Curragh,1:45,Exceptionally,Ronan Whelan,A P O'Brien,0.19714285714285715,30.0,2.0,7.0,,14,03,10.416666666666666,Active,Good To Firm,0m7f0y,0.0,0.096,0.6428571428571429,0.9292929292929293,9.6,8.914820353501245,9.120374247450872,0.08657416744038211,0.2904631683688407,11.55,-0.1,-0.03,8.7,29.0
Curragh,1:45,Green Sparkle,J M Sheridan,Joseph Patrick O'Brien,0.11189189189189189,69.0,2.0,7.0,,14,9,12.5,Active,Good To Firm,0m7f0y,0.0,0.08,0.5,0.5274365274365274,8.0,5.8260418194017465,6.478229273581222,0.0614938916574571,0.23528656164640563,16.26,-0.23,-0.09,6.1,23.5
Curragh,1:45,Ibelieveicanfly,Ryan Moore,A P O'Brien,0.19714285714285715,30.0,2.0,7.0,,14,424,14.583333333333336,Active,Good To Firm,0m7f0y,0.0,0.06857142857142856,0.5166666666666667,0.9292929292929293,6.857142857142856,8.199261803786987,7.796626119793746,0.07400863131836262,0.2628189889003978,13.51,0.08,0.16,7.4,26.3
Curragh,1:45,Katiraya,Chris Hayes,D K Weld,0.05647058823529412,12.0,2.0,7.0,,14,8,16.666666666666668,Active,Good To Firm,0m7f0y,0.0,0.06,0.5,0.26619132501485443,6.0,4.344660309417649,4.841262216592353,0.04595515867994205,0.20110134909587252,21.76,-0.23,-0.01,4.6,20.1
Curragh,1:45,Siege Of Tyre,Leigh Roche,Kieran P Cotter,0.0,5.0,2.0,7.0,,14,08,18.75,Active,Good To Firm,0m7f0y,0.0,0.05333333333333334,0.5,0.0,5.333333333333334,2.8352319894338516,3.584662392603696,0.034027020577719426,0.17485944527098274,29.39,-0.36,-0.05,3.4,17.5
Curragh,1:45,Speckles,Jack Cleary(5),A P O'Brien,0.19714285714285715,30.0,2.0,7.0,,14,6,20.833333333333332,Active,Good To Firm,0m7f0y,0.0,0.048,0.4,0.9292929292929293,4.8,7.537707672919089,6.716395371043362,0.06375465761298492,0.24026024674856683,15.69,0.33,0.43,6.4,24.0
Curragh,1:45,Voice Of You,Gary Carroll,M C Hickey,0.0,0.0,2.0,7.0,,14,5,22.916666666666668,Active,Good To Firm,0m7f0y,0.0,0.04363636363636363,0.4,0.0,4.363636363636363,2.2681855915470814,2.896820823173866,0.027497758774573874,0.16049506930406254,36.37,-0.37,0.04,2.7,16.0
Curragh,1:45,Big Bessy,Colin Keane,C W J Farrell,0.0,3.0,2.0,7.0,,14,,25.0,Active,Good To Firm,0m7f0y,0.0,0.04,0.5,0.0,4.0,2.8352319894338516,3.1846623926036957,0.03023006378224233,0.16650614032093314,33.08,-0.24,0.17,3.0,16.7
Curragh,1:45,Chattering Classes,Shane Foley,Mrs John Harrington,0.0781578947368421,33.0,2.0,7.0,,14,,27.083333333333332,Active,Good To Firm,0m7f0y,0.0,0.036923076923076927,0.5,0.3684210526315789,3.6923076923076925,4.9243502974377416,4.554737515898727,0.043235353906515284,0.19511777859433366,23.13,0.17,0.47,4.3,19.5
Curragh,1:45,Darlene,Reese Holohan(7),Robson De Aguiar,0.12375,3.0,2.0,7.0,,14,,29.16666666666667,Active,Good To Firm,0m7f0y,0.0,0.03428571428571428,0.5,0.5833333333333333,3.428571428571428,6.143002643773345,5.142857142857142,0.04881801594184831,0.2073996350720663,20.48,0.42,0.67,4.9,20.7
Curragh,1:45,Miss Hong Kong,Gavin Ryan,Donnacha Aidan O'Brien,0.0,2.0,2.0,7.0,,14,,31.25,Active,Good To Firm,0m7f0y,0.0,0.032,0.5,0.0,3.2,2.8352319894338516,2.944662392603696,0.02795188970495608,0.1614941573509034,35.78,-0.13,0.38,2.8,16.1
Curragh,1:45,Popped,Nathan Crosse,Donnacha Aidan O'Brien,0.0,2.0,2.0,7.0,,14,,33.333333333333336,Active,Good To Firm,0m7f0y,0.0,0.03,0.5,0.0,3.0,2.8352319894338516,2.884662392603696,0.027382346185634517,0.16024116160839594,36.52,-0.09,0.46,2.7,16.0
Curragh,1:45,Rathbran Lady,Wesley Joyce(3),Michael Mulvany,0.05647058823529412,12.0,2.0,7.0,,14,,35.41666666666667,Active,Good To Firm,0m7f0y,0.0,0.028235294117647056,0.5,0.26619132501485443,2.8235294117647056,4.344660309417649,3.888321040121766,0.03690946749071722,0.18120082847957789,27.09,0.31,0.74,3.7,18.1
Curragh,1:45,Suomenlinna,Dylan Browne McMonagle,Joseph Patrick O'Brien,0.11189189189189189,69.0,2.0,7.0,,14,,37.5,Active,Good To Firm,0m7f0y,0.0,0.02666666666666667,0.5,0.5274365274365274,2.666666666666667,5.8260418194017465,4.0,0.03796956795477091,0.183533049500496,26.34,0.42,0.86,3.8,18.4
Curragh,1:45,Torvella,Andrew Slattery,Andrew Slattery,0.07069767441860465,38.0,2.0,7.0,,14,,39.583333333333336,Active,Good To Firm,0m7f0y,0.0,0.02526315789473684,0.5,0.3332550309294495,2.526315789473684,4.724942638095737,3.789473684210526,0.03597116964136191,0.17913657321099621,27.8,0.42,0.91,3.6,17.9
Curragh,2:15,Anchor Road,Colin Keane,G M Lyons,0.061875,11.0,2.0,7.0,,11,53,4.166666666666667,Active,Good To Firm,0m7f0y,0.0,0.24,0.6000000000000001,0.0,24.0,4.810408370523066,10.567285859366145,0.11393407080749245,0.3506549557764834,8.78,-0.53,-0.43,11.4,35.1
Curragh,2:15,Benown,J M Sheridan,Joseph Patrick O'Brien,0.11189189189189189,69.0,2.0,7.0,,11,,6.25,Active,Good To Firm,0m7f0y,0.0,0.16,0.5,0.3697618410489697,16.0,6.973182734239193,9.681227913967435,0.10438079572492992,0.32963775059484585,9.58,-0.35,-0.32,10.4,33.0
Curragh,2:15,Consenza,Chris Hayes,Noel Meade,0.06666666666666667,25.0,2.0,7.0,,11,,8.333333333333334,Active,Good To Firm,0m7f0y,0.0,0.12,0.5,0.035423542354235414,12.0,4.292676483193208,6.604873538235245,0.0712122430863213,0.2566669347899069,14.04,-0.41,-0.37,7.1,25.7
Curragh,2:15,Fort Dearborn,W J Lee,J P Murtagh,0.09904761904761905,16.0,2.0,7.0,,11,5,10.416666666666666,Active,Good To Firm,0m7f0y,0.0,0.096,0.4,0.2748074807480748,9.6,5.41016592313687,6.667116146195809,0.07188332871767444,0.2581433231788838,13.91,-0.25,-0.26,7.2,25.8
Curragh,2:15,Lake Lugano,Ronan Whelan,A P O'Brien,0.19714285714285715,30.0,2.0,7.0,,11,,12.5,Active,Good To Firm,0m7f0y,0.0,0.08,0.5,1.0,8.0,12.026020926307664,10.818214648415365,0.11663952789454878,0.3566069613680073,8.57,0.46,0.18,11.7,35.7
Curragh,2:15,Loughrea N Roll,Dylan Browne McMonagle,Joseph Patrick O'Brien,0.11189189189189189,69.0,2.0,7.0,,11,,14.583333333333336,Active,Good To Firm,0m7f0y,0.0,0.06857142857142856,0.5,0.3697618410489697,6.857142857142856,6.973182734239193,6.938370771110291,0.07480793434045829,0.26457745554900824,13.37,0.09,-0.02,7.5,26.5
Curragh,2:15,Raging Bull,Jack Cleary(5),A P O'Brien,0.19714285714285715,30.0,2.0,7.0,,11,,16.666666666666668,Active,Good To Firm,0m7f0y,0.0,0.06,0.5,1.0,6.0,12.026020926307664,9.0,0.09703595141779753,0.31347909311915456,10.31,0.62,0.3,9.7,31.3
Curragh,2:15,Romayan,Jamie Powell,J P Murtagh,0.09904761904761905,16.0,2.0,7.0,,11,,18.75,Active,Good To Firm,0m7f0y,0.0,0.05333333333333334,0.5,0.2748074807480748,5.333333333333334,6.2119006515573805,5.948330456090167,0.06413354501713009,0.2410937990376862,15.59,0.2,0.1,6.4,24.1
Curragh,2:15,Selosse,Shane Foley,Mrs John Harrington,0.0781578947368421,33.0,2.0,7.0,,11,,20.833333333333332,Active,Good To Firm,0m7f0y,0.0,0.048,0.5,0.12037519541427827,4.8,4.973763388142878,4.921634371700014,0.05306394153204944,0.2167406713705088,18.85,0.11,0.08,5.3,21.7
Curragh,2:15,Shakespeare,Ryan Moore,A P O'Brien,0.19714285714285715,30.0,2.0,7.0,,11,32,22.916666666666668,Active,Good To Firm,0m7f0y,0.0,0.04363636363636363,0.75,1.0,4.363636363636363,14.030357747358943,6.545454545454545,0.07057160103112547,0.2552575222684761,14.17,0.62,0.37,7.1,25.5
Curragh,2:15,Supreme Lord,David Egan,Robson De Aguiar,0.12375,3.0,2.0,7.0,,11,35,25.0,Active,Good To Firm,0m7f0y,0.0,0.04,0.55,0.45742574257425733,4.0,8.076882041266039,6.0,0.06469063427853168,0.24231939541276973,15.46,0.62,0.41,6.5,24.2
Curragh,2:15,The Captains Day,Oisin Murphy,M D O'Callaghan,0.061875,11.0,2.0,7.0,,11,,27.083333333333332,Active,Good To Firm,0m7f0y,0.0,0.036923076923076927,0.5,0.0,3.6923076923076925,4.008673642102554,3.9137638571640956,0.042197311056056334,0.19283408432332394,23.7,0.14,0.2,4.2,19.3
Curragh,2:15,Ocean Surge,Declan McDonogh,W McCreery,0.16611111111111113,13.0,2.0,7.0,,11,8,29.16666666666667,Active,Good To Firm,0m7f0y,0.0,0.03428571428571428,0.5,0.7705903923725705,3.428571428571428,10.186764431625333,5.142857142857142,0.055449115095884294,0.22198805321094545,18.03,0.62,0.47,5.5,22.2
Curragh,2:50,The Highway Rat,W J Lee,A Oliver,0.2222222222222222,4.0,8.0,5.0,,12,6-6260,4.166666666666667,Active,Good To Firm,0m5f0y,0.0,0.24,0.51,1.0,24.0,13.563710283211453,16.694597198248015,0.16419878580493164,0.46123732877084966,6.09,-0.32,-0.25,16.4,46.1
Curragh,2:50,Gazelle d'Or,Sam Coen(5),M C Grassick,0.0,5.0,4.0,5.0,,12,0-7022,6.25,Active,Good To Firm,0m5f0y,0.0,0.16,0.675,0.0,16.0,6.063247974283265,9.044273581998286,0.08895445173170068,0.29569979380974154,11.24,-0.44,-0.39,8.9,29.6
Curragh,2:50,Erosandpsyche,Gary Carroll,Daniel James Murphy,0.0,3.0,8.0,5.0,,12,003382,8.333333333333334,Active,Good To Firm,0m5f0y,0.0,0.12,0.675,0.0,12.0,6.063247974283265,7.844273581998285,0.07715191821585185,0.2697342200748741,12.96,-0.36,-0.33,7.7,27.0
Curragh,2:50,Sarahmae,Jared Huggan(10),Denis Gerard Hogan,0.052307692307692305,34.0,4.0,5.0,,12,011265,10.416666666666666,Active,Good To Firm,0m5f0y,0.0,0.096,0.53,0.2353846153846154,9.6,6.875135879671622,7.692595115770135,0.0756600930647766,0.2664522047425085,13.22,-0.21,-0.23,7.6,26.6
Curragh,2:50,Headmaster,Dylan Browne McMonagle,Edward Lynam,0.0,0.0,4.0,5.0,,12,1-7120,12.5,Active,Good To Firm,0m5f0y,0.0,0.08,0.675,0.0,8.0,6.063247974283265,6.644273581998286,0.06534938470000304,0.2437686463400067,15.3,-0.18,-0.2,6.5,24.4
Curragh,2:50,Ipanema Queen,David Egan,Robson De Aguiar,0.12375,3.0,3.0,5.0,,12,274681,14.583333333333336,Active,Good To Firm,0m5f0y,0.0,0.06857142857142856,0.67,0.556875,6.857142857142856,11.020514605109305,9.77150308071937,0.09610707717534193,0.31143556978575226,10.41,0.4,0.16,9.6,31.1
Curragh,2:50,Arugam Bay,Jessica O'Gorman(7),Eddie & Patrick Harty,0.0,7.0,3.0,5.0,,12,1167-9,16.666666666666668,Active,Good To Firm,0m5f0y,0.0,0.06,0.53,0.0,6.0,4.760772483511304,5.132540738457912,0.05048082007259079,0.21105780415969977,19.81,-0.16,-0.13,5.0,21.1
Curragh,2:50,Rosie Frith,Colin Keane,Patrick Magee,0.0,11.0,3.0,5.0,,12,-80144,18.75,Active,Good To Firm,0m5f0y,0.0,0.05333333333333334,0.53,0.0,5.333333333333334,4.760772483511304,4.932540738457913,0.04851373115328266,0.20673020853722188,20.61,-0.09,-0.06,4.9,20.7
Curragh,2:50,Chicago Call,Donagh O'Connor,J P Murtagh,0.09904761904761905,16.0,3.0,5.0,,12,0-5678,20.833333333333332,Active,Good To Firm,0m5f0y,0.0,0.048,0.47000000000000003,0.44571428571428573,4.8,8.225485611673172,7.19783992817122,0.07079395582829638,0.2557467028222521,14.13,0.47,0.27,7.1,25.6
Curragh,2:50,Genesis,Wesley Joyce(3),Michael Mulvany,0.05647058823529412,12.0,5.0,5.0,,12,403136,22.916666666666668,Active,Good To Firm,0m5f0y,0.0,0.04363636363636363,0.66,0.25411764705882356,4.363636363636363,8.211143661905181,6.545454545454545,0.06437745554099354,0.2416304021901858,15.53,0.48,0.3,6.4,24.2
Curragh,2:50,Prairie Girl,Terry Casey(7),Daniel James Murphy,0.0,3.0,4.0,5.0,,12,1D-110,25.0,Active,Good To Firm,0m5f0y,0.0,0.04,0.75,0.0,4.0,6.736942193648073,5.9158595355536505,0.058185108702854815,0.2280072391462806,17.19,0.45,0.32,5.8,22.8
Curragh,2:50,Cuban Grey,Luke McAteer,Patrick J McKenna,0.0,0.0,6.0,5.0,,12,051794,27.083333333333332,Active,Good To Firm,0m5f0y,0.0,0.036923076923076927,0.51,0.0,3.6923076923076925,4.581120691680689,4.31447679186879,0.04243479744948606,0.19335655438886934,23.57,0.15,0.2,4.2,19.3
Curragh,2:50,Finika,Gavin Ryan,John James Feane,0.0,3.0,3.0,5.0,,12,031,29.16666666666667,Active,Good To Firm,0m5f0y,0.0,0.03428571428571428,0.8055555555555556,0.0,3.428571428571428,7.235974948733115,5.142857142857142,0.050582286496494926,0.21128103029228884,19.77,0.48,0.4,5.1,21.1
Curragh,2:50,Focaccia,Andrew Slattery,J A Stack,0.0,4.0,3.0,5.0,,12,071782,31.25,Active,Good To Firm,0m5f0y,0.0,0.032,0.65,0.0,3.2,5.8386832344949955,4.800000000000001,0.047210134063395276,0.2038622949394696,21.18,0.48,0.44,4.7,20.4
Curragh,3:25,Big Gossey,W J Lee,Charles O'Brien,0.0,2.0,9.0,6.0,Class 1,5,019212,4.166666666666667,Active,Good To Firm,6f,0.0,0.24,0.8,0.0,24.0,18.49947673169818,20.149633712188724,0.22171692024855552,0.5877772245468222,4.51,-0.08,0.05,22.2,58.8
Curragh,3:25,Big Mojo,Tom Marquand,Michael Appleby,0.0,27.0,4.0,6.0,Class 1,5,10-780,6.25,Active,Good To Firm,6f,0.0,0.16,0.5,0.0,16.0,11.562172957311361,12.893521070117952,0.14187413149337536,0.41212308928542585,7.05,-0.11,-0.05,14.2,41.2
Curragh,3:25,Bodhi Bear,Colin Keane,J A Stack,0.0,4.0,4.0,6.0,Class 1,5,185130,8.333333333333334,Active,Good To Firm,6f,0.0,0.12,0.665,0.0,12.0,15.377690033224109,14.364383023256876,0.1580587920692878,0.44772934255243324,6.33,0.32,0.27,15.8,44.8
Curragh,3:25,Bucanero Fuerte,David Egan,Robson De Aguiar,0.12375,3.0,5.0,6.0,Class 1,5,7-7546,10.416666666666666,Active,Good To Firm,6f,0.0,0.096,0.41000000000000003,1.0,9.6,32.60532773961804,25.703729417732625,0.28283152968455794,0.7222293653060274,3.54,1.95,1.42,28.3,72.2
Curragh,3:25,James's Delight,Dylan Browne McMonagle,Clive Cox,0.04695652173913044,18.0,5.0,6.0,Class 1,5,100-63,12.5,Active,Good To Firm,6f,0.0,0.08,0.5700000000000001,0.37944664031620556,8.0,21.955332538148316,17.768732776703818,0.19551862650422336,0.5301409783092914,5.11,1.44,1.05,19.6,53.0
Curragh,4:00,Carry The Flag,Ronan Whelan,A P O'Brien,0.19714285714285715,30.0,2.0,6.0,Class 1,8,212917,4.166666666666667,Active,Good To Firm,6f,0.0,0.24,0.675,0.9036437246963562,24.0,15.857630781264447,18.30034154688511,0.21330749590617368,0.5692764909935821,4.69,-0.11,-0.07,21.3,56.9
Curragh,4:00,Celeron,Oisin Murphy,M D O'Callaghan,0.061875,11.0,2.0,6.0,Class 1,8,101,6.25,Active,Good To Firm,6f,0.0,0.16,0.8333333333333334,0.03471659919028339,16.0,8.719646563893761,10.903752594725631,0.12709337451449096,0.3796054239318801,7.87,-0.21,-0.22,12.7,38.0
Curragh,4:00,Folsom Blues,Dylan Browne McMonagle,Joseph Patrick O'Brien,0.11189189189189189,69.0,2.0,6.0,Class 1,8,312,8.333333333333334,Active,Good To Firm,6f,0.0,0.12,0.8333333333333334,0.3560126928547981,12.0,11.947097283196769,11.962968098237738,0.13943951603869773,0.4067669352851351,7.17,0.16,0.0,13.9,40.7
Curragh,4:00,King Of Cloughan,J M Sheridan,Joseph Patrick O'Brien,0.11189189189189189,69.0,2.0,6.0,Class 1,8,4212,10.416666666666666,Active,Good To Firm,6f,0.0,0.096,0.79,0.3560126928547981,9.6,11.511809707050585,10.938266794935409,0.12749566960833336,0.3804904731383334,7.84,0.33,0.1,12.7,38.0
Curragh,4:00,The Scallionator,Wesley Joyce,Michael Mulvany,0.05647058823529412,12.0,2.0,6.0,Class 1,8,42104,12.5,Active,Good To Firm,6f,0.0,0.08,0.5850000000000001,0.0,8.0,5.876382277973473,6.5134675945814315,0.07592052086605224,0.2670251459053149,13.17,-0.05,-0.12,7.6,26.7
Curragh,4:00,Tribeca,David Egan,Robson De Aguiar,0.12375,3.0,2.0,6.0,Class 1,8,102,14.583333333333336,Active,Good To Firm,6f,0.0,0.06857142857142856,0.7222222222222223,0.43218623481781376,6.857142857142856,11.596145980329519,10.17444504337352,0.11859261691246353,0.36090375720741985,8.43,0.73,0.34,11.9,36.1
Curragh,4:00,Sun Goddess,Ryan Moore,A P O'Brien,0.19714285714285715,30.0,2.0,6.0,Class 1,8,2121,16.666666666666668,Active,Good To Firm,6f,0.0,0.06,0.9,0.9036437246963562,6.0,18.117777811254246,9.0,0.10490336796377035,0.33078740952029484,9.53,0.75,0.37,10.5,33.1
Curragh,4:00,Velozee,W J Lee,P Twomey,0.21214285714285716,9.0,2.0,6.0,Class 1,8,11483,18.75,Active,Good To Firm,6f,0.0,0.05333333333333334,0.6300000000000001,1.0,5.333333333333334,16.3735095950372,8.0,0.0932474381900181,0.30514436401803985,10.72,0.75,0.39,9.3,30.5
Curragh,4:35,Go Athletico,Ronan Whelan,Adrian McGuinness,0.07392857142857143,23.0,8.0,6.0,,14,300262,4.166666666666667,Active,Good To Firm,0m6f0y,0.0,0.24,0.6200000000000001,0.33267857142857143,24.0,9.324695148595032,13.72728660401652,0.139783534592695,0.407523776103929,7.15,-0.42,-0.33,14.0,40.8
Curragh,4:35,Gerrit's Gem,Scott McCullagh,J G Coogan,0.0,0.0,6.0,6.0,,14,24-007,6.25,Active,Good To Firm,0m6f0y,0.0,0.16,0.49000000000000005,0.0,16.0,4.796056886175214,8.15723982032265,0.08306432636667982,0.2827415180066956,12.04,-0.48,-0.42,8.3,28.3
Curragh,4:35,Jon Riggens,James Ryan,Edward Lynam,0.0,0.0,8.0,6.0,,14,-07671,8.333333333333334,Active,Good To Firm,0m6f0y,0.0,0.12,0.68,0.0,12.0,6.655752413467643,8.25902668942735,0.08410081148926886,0.28502178527639155,11.89,-0.3,-0.3,8.4,28.5
Curragh,4:35,Sovereign Cry,Shane Foley,Daniel James Murphy,0.0,3.0,3.0,6.0,,14,046918,10.416666666666666,Active,Good To Firm,0m6f0y,0.0,0.096,0.64,0.0,9.6,6.264237565616606,7.2649662959316235,0.07397839768603545,0.262752474909278,13.52,-0.23,-0.24,7.4,26.3
Curragh,4:35,Lohoobb,W J Lee,M C Grassick,0.0,5.0,3.0,6.0,,14,-52524,12.5,Active,Good To Firm,0m6f0y,0.0,0.08,0.54,0.0,8.0,5.285450445989012,6.099815312192308,0.06211378616160041,0.23665032955552093,16.1,-0.22,-0.22,6.2,23.7
Curragh,4:35,Nazario,Rory Mulligan(5),J P Murtagh,0.09904761904761905,16.0,3.0,6.0,,14,726-44,14.583333333333336,Active,Good To Firm,0m6f0y,0.0,0.06857142857142856,0.43500000000000005,0.44571428571428573,6.857142857142856,8.620317989291602,8.091365449646977,0.08239353448786667,0.2812657758733067,12.14,0.2,0.05,8.2,28.1
Curragh,4:35,Hugo's Girl,Oisin Murphy,Thomas Dowling,0.0,1.0,4.0,6.0,,14,303244,16.666666666666668,Active,Good To Firm,0m6f0y,0.0,0.06,0.5050000000000001,0.0,6.0,4.942874954119354,5.260012467883548,0.0535621609697632,0.21783675413347905,18.67,-0.11,-0.1,5.4,21.8
Curragh,4:35,Nouvel Espoir,Dylan Browne McMonagle,James M Barcoe,0.0,4.0,6.0,6.0,,14,364144,18.75,Active,Good To Firm,0m6f0y,0.0,0.05333333333333334,0.52,0.0,5.333333333333334,5.089693022063492,5.162785115444445,0.052572104932100884,0.21565863085062198,19.02,-0.01,-0.02,5.3,21.6
Curragh,4:35,All Hail,Gary Carroll,A Oliver,0.2222222222222222,4.0,3.0,6.0,,14,82-840,20.833333333333332,Active,Good To Firm,0m6f0y,0.0,0.048,0.49500000000000005,1.0,4.8,14.63286743843254,7.199999999999999,0.07331685263808255,0.2612970758037816,13.64,0.53,0.3,7.3,26.1
Curragh,4:35,Mint Man,Chris Hayes,P J F Murphy,0.0,4.0,5.0,6.0,,14,784803,22.916666666666668,Active,Good To Firm,0m6f0y,0.0,0.04363636363636363,0.5900000000000001,0.0,4.363636363636363,5.774844005802809,5.351481713152874,0.05449358279980873,0.21988588215957922,18.35,0.25,0.18,5.4,22.0
Curragh,4:35,Yutori,Nathan Crosse,Daniel McLoughlin,0.0,6.0,4.0,6.0,,14,368-27,25.0,Active,Good To Firm,0m6f0y,0.0,0.04,0.565,0.0,4.0,5.530147225895909,5.071103058127136,0.051638516059060696,0.21360473532993354,19.37,0.29,0.24,5.2,21.4
Curragh,4:35,Aurora Nova,Wesley Joyce(3),Andrew McNamara,0.06666666666666667,10.0,7.0,6.0,,14,-03590,27.083333333333332,Active,Good To Firm,0m6f0y,0.0,0.036923076923076927,0.5050000000000001,0.3,3.6923076923076925,7.879236313002138,5.538461538461538,0.05639757895237119,0.22407467369521664,17.73,0.53,0.39,5.6,22.4
Curragh,4:35,Beat The Devil,Rory Cleary,Patrick Magee,0.0,11.0,4.0,6.0,,14,247250,29.16666666666667,Active,Good To Firm,0m6f0y,0.0,0.03428571428571428,0.52,0.0,3.428571428571428,5.089693022063492,4.591356544015873,0.04675330710368163,0.20285727562809958,21.39,0.36,0.35,4.7,20.3
Curragh,4:35,Caislean Ni Cuan,N G McCullagh,Thomas Mullins,0.0,6.0,3.0,6.0,,14,475,31.25,Active,Good To Firm,0m6f0y,0.0,0.032,0.43333333333333335,0.0,3.2,4.241410851719577,3.9289875962037035,0.040008472862183495,0.1880186402968037,24.99,0.25,0.33,4.0,18.8
Curragh,4:35,Rosato,Patrick McGettigan(5),Charles Weld,0.0,1.0,5.0,6.0,,14,8-9072,33.333333333333336,Active,Good To Firm,0m6f0y,0.0,0.03,0.6000000000000001,0.0,3.0,5.872722717765568,4.5,0.045823032898801595,0.20081067237736352,21.82,0.53,0.5,4.6,20.1
Curragh,5:10,Booyea,Dylan Browne McMonagle,Thomas Gibney,0.0,10.0,6.0,8.0,,10,00-502,4.166666666666667,Active,Good To Firm,1m0f0y,0.0,0.24,0.5800000000000001,0.0,24.0,4.260709373381192,10.182496561366833,0.11113867946118144,0.34450509481459923,9.0,-0.54,-0.44,11.1,34.5
Curragh,5:10,Final Voyage,Jessica Maye(7),J P Murtagh,0.09904761904761905,16.0,8.0,8.0,,10,947170,6.25,Active,Good To Firm,1m0f0y,0.0,0.16,0.6000000000000001,0.8003848003848004,16.0,10.28729766437943,12.001108365065601,0.1309882431804023,0.38817413499688513,7.63,-0.18,-0.2,13.1,38.8
Curragh,5:10,Glory To Be,Scott McCullagh,M C Grassick,0.0,5.0,4.0,8.0,,10,795210,8.333333333333334,Active,Good To Firm,1m0f0y,0.0,0.12,0.69,0.0,12.0,5.068774944194865,7.148142460936405,0.07801967905621683,0.27164329392367703,12.82,-0.35,-0.33,7.8,27.2
Curragh,5:10,Playin Cool,Luke McAteer,John James Feane,0.0,3.0,4.0,8.0,,10,-80230,10.416666666666666,Active,Good To Firm,1m0f0y,0.0,0.096,0.625,0.0,9.6,4.591281652350421,6.093897156645294,0.06651293017190023,0.24632844637818052,15.03,-0.31,-0.29,6.7,24.6
Curragh,5:10,Dark Viper,Shane Foley,Mrs John Harrington,0.0781578947368421,33.0,5.0,8.0,,10,688521,12.5,Active,Good To Firm,1m0f0y,0.0,0.08,0.755,0.631578947368421,8.0,10.18587916894079,9.530115418258552,0.10401814882181751,0.3288399274079985,9.61,0.3,0.09,10.4,32.9
Curragh,5:10,Howyoulikethat,Declan McDonogh,Miss Hilary McLoughlin,0.0,1.0,9.0,8.0,,10,-84730,14.583333333333336,Active,Good To Firm,1m0f0y,0.0,0.06857142857142856,0.565,0.0,6.857142857142856,4.150518613724781,4.962505886750203,0.05416415785145362,0.21916114727319796,18.46,-0.21,-0.19,5.4,21.9
Curragh,5:10,Summer Island,Oisin Murphy,Miss Natalia Lupini,0.1,5.0,4.0,8.0,,10,163121,16.666666666666668,Active,Good To Firm,1m0f0y,0.0,0.06,0.9,0.8080808080808082,6.0,12.547648119797278,9.0,0.09823210929877949,0.31611064045731485,10.18,0.64,0.31,9.8,31.6
Curragh,5:10,Kalir,Chris Hayes,D K Weld,0.05647058823529412,12.0,3.0,8.0,,10,4-3441,18.75,Active,Good To Firm,1m0f0y,0.0,0.05333333333333334,0.675,0.4563279857397505,5.333333333333334,8.310792677947962,7.417554874563573,0.08096022901864705,0.27811250384102354,12.35,0.52,0.27,8.1,27.8
Curragh,5:10,Marmeladova,W J Lee,K J Condon,0.12375,3.0,5.0,8.0,,10,-14321,20.833333333333332,Active,Good To Firm,1m0f0y,0.0,0.048,0.8150000000000001,1.0,4.8,13.333081918425627,7.199999999999999,0.07858568743902358,0.2728885123658519,12.72,0.64,0.36,7.9,27.3
Curragh,5:10,Goal Exceeded,Ronan Whelan,Adrian McGuinness,0.07392857142857143,23.0,5.0,8.0,,10,-20314,22.916666666666668,Active,Good To Firm,1m0f0y,0.0,0.04363636363636363,0.66,0.5974025974025974,4.363636363636363,9.236943160115695,6.545454545454545,0.07144153403547598,0.2571713748780472,14.0,0.64,0.38,7.1,25.7
Curragh,5:10,No More Porter,Colin Keane,Adrian McGuinness,0.07392857142857143,23.0,8.0,8.0,,10,302328,25.0,Active,Good To Firm,1m0f0y,0.0,0.04,0.65,0.5974025974025974,4.0,9.163482653678088,6.0,0.065488072865853,0.2440737603048766,15.27,0.64,0.42,6.5,24.4
Curragh,5:10,Glitter And Glory,Keithen Kennedy(5),Mrs John Harrington,0.0781578947368421,33.0,3.0,8.0,,10,215235,27.083333333333332,Active,Good To Firm,1m0f0y,0.0,0.036923076923076927,0.5750000000000001,0.631578947368421,3.6923076923076925,8.863590053063868,5.538461538461538,0.060450528799248913,0.23299116335834763,16.54,0.64,0.45,6.0,23.3
Deauville,12:56,Zakkan,Mickael Barzalona,F-H Graffard,0.3312820512820513,34.0,2.0,7.0,,7,32,4.166666666666667,Active,Good To Soft,6f211y,0.0,0.24,0.75,1.0,24.0,25.074536509753383,24.752175556827368,0.26456429241033713,0.6820414433027417,3.78,0.1,0.22,26.5,68.2
Deauville,12:56,Prince Azur,Marvin Grandin,L Blanchet,0.1,5.0,2.0,7.0,,7,38,6.25,Active,Good To Soft,6f211y,0.0,0.16,0.6071428571428572,0.3018575851393189,16.0,13.02443701564937,13.917105910954557,0.14875335985227445,0.42725739167500376,6.72,-0.07,-0.01,14.9,42.7
Deauville,12:56,Mister England,Christophe Soumillon,Noel George & Amanda Zetterholm,0.0,20.0,2.0,7.0,,7,3,8.333333333333334,Active,Good To Soft,6f211y,0.0,0.12,0.75,0.0,12.0,10.74622993275145,11.122360952926016,0.11888165340002148,0.36153963748004725,8.41,-0.01,0.02,11.9,36.2
Deauville,12:56,Hello Major Tom,Tony Piccone,Gavin Hernon,0.05647058823529412,12.0,2.0,7.0,,7,5,10.416666666666666,Active,Good To Soft,6f211y,0.0,0.096,0.4,0.17046075396102714,9.6,8.173736572901268,8.601615601030886,0.09193859908789935,0.3022649179933786,10.88,-0.04,0.01,9.2,30.2
Deauville,12:56,The Highlight,Cristian Demuro,P Cottier,0.05647058823529412,12.0,2.0,7.0,,7,3,12.5,Active,Good To Soft,6f211y,0.0,0.08,0.75,0.17046075396102714,8.0,13.188643874851943,11.63205071239636,0.12432948606642612,0.3735248693461375,8.04,0.55,0.45,12.4,37.4
Deauville,12:56,Zen Poetry,Pierre-Charles Boudot,A Fabre,0.16361111111111112,31.0,2.0,7.0,,7,2,14.583333333333336,Active,Good To Soft,6f211y,0.0,0.06857142857142856,0.75,0.49387254901960786,6.857142857142856,17.822587225069807,14.53295391469172,0.15533586776019448,0.44173890907242785,6.44,1.27,0.94,15.5,44.2
Deauville,12:56,Argentino Mia,Malone Favriaux,Leonardo D Racco,0.1111111111111111,4.0,2.0,7.0,,7,,16.666666666666668,Active,Good To Soft,6f211y,0.0,0.06,0.5,0.3353973168214654,6.0,11.96982886902277,9.0,0.09619674142284693,0.3116328311302633,10.4,0.6,0.53,9.6,31.2
Deauville,1:31,Algarade,Mme Frida Valle Skar,Mme C Barbe,0.18,6.0,2.0,7.0,,11,9,4.166666666666667,Active,Good To Soft,6f211y,0.0,0.24,0.5,1.0,24.0,12.661747397329373,16.06322317813056,0.16779423050309178,0.46914730710680197,5.96,-0.3,-0.23,16.8,46.9
Deauville,1:31,Erala,Jean-Bernard Eyquem,J-C Rouget,0.10833333333333332,13.0,2.0,7.0,,11,43,6.25,Active,Good To Soft,6f211y,0.0,0.16,0.6000000000000001,0.6018518518518519,16.0,10.145029704773782,11.901520793341646,0.12432165706656886,0.37350764554645155,8.04,-0.22,-0.23,12.4,37.4
Deauville,1:31,Impa,Mickael Barzalona,M Delzangles,0.08,8.0,2.0,7.0,,11,4,8.333333333333334,Active,Good To Soft,6f211y,0.0,0.12,0.4,0.4444444444444445,12.0,7.128094831089128,8.589666381762388,0.0897264792266825,0.29739825429870154,11.14,-0.25,-0.27,9.0,29.7
Deauville,1:31,Deseo,Cristian Demuro,Tim Donworth,0.08166666666666668,7.0,2.0,7.0,,11,5,10.416666666666666,Active,Good To Soft,6f211y,0.0,0.096,0.4,0.4537037037037038,9.6,7.206253765640545,7.924377635948381,0.08277696405601548,0.28210932092323404,12.08,-0.14,-0.19,8.3,28.2
Deauville,1:31,Ileola,Theo Bachelot,Mme Helene Mennessier Martinez,0.0,0.0,2.0,7.0,,11,6,12.5,Active,Good To Soft,6f211y,0.0,0.08,0.4,0.0,8.0,3.3764659726211663,4.763526180834816,0.04975914242931731,0.2094701133444981,20.1,-0.38,-0.31,5.0,20.9
Deauville,1:31,Mlle Andromaque,Maxime Guyon,C Ferland,0.06666666666666667,10.0,2.0,7.0,,11,5,14.583333333333336,Active,Good To Soft,6f211y,0.0,0.06857142857142856,0.4,0.3703703703703704,6.857142857142856,6.5028233546778,6.609119205417317,0.06903795452994922,0.2518834999658883,14.48,0.01,-0.06,6.9,25.2
Deauville,1:31,Divina Fe,Alexis Pouchin,A Botti,0.08,8.0,2.0,7.0,,11,3,16.666666666666668,Active,Good To Soft,6f211y,0.0,0.06,0.75,0.4444444444444445,6.0,10.08250255713265,8.857751789992854,0.09252686270416421,0.3035590979491613,10.81,0.54,0.25,9.3,30.4
Deauville,1:31,Sexxy,Christophe Soumillon,C Lerner,0.09904761904761905,16.0,2.0,7.0,,11,5,18.75,Active,Good To Soft,6f211y,0.0,0.05333333333333334,0.4,0.5502645502645503,5.333333333333334,8.021339797391025,7.214937858173718,0.07536625324910519,0.26580575714803145,13.27,0.41,0.21,7.5,26.6
Deauville,1:31,Sansa,Malone Favriaux,A Fabre,0.16361111111111112,31.0,2.0,7.0,,11,,20.833333333333332,Active,Good To Soft,6f211y,0.0,0.048,0.5,0.9089506172839508,4.8,11.893184540907118,7.199999999999999,0.07521021442739251,0.2654624717402635,13.3,0.57,0.32,7.5,26.5
Deauville,1:31,Kalimaat,Pierre-Charles Boudot,A Fabre,0.16361111111111112,31.0,2.0,7.0,,11,,22.916666666666668,Active,Good To Soft,6f211y,0.0,0.04363636363636363,0.5,0.9089506172839508,4.363636363636363,11.893184540907118,6.545454545454545,0.06837292220672046,0.25042042885478505,14.63,0.57,0.35,6.8,25.0
Deauville,1:31,Seven Blues,Tony Piccone,Gavin Hernon,0.05647058823529412,12.0,2.0,7.0,,11,,25.0,Active,Good To Soft,6f211y,0.0,0.04,0.5,0.3137254901960784,4.0,6.868791071753842,6.0,0.06267517868949377,0.2378853931168863,15.96,0.57,0.38,6.3,23.8
Deauville,1:31,Comedy Cen,Aurelien Lemaitre,P Olave,0.0,3.0,2.0,7.0,,11,,27.083333333333332,Active,Good To Soft,6f211y,0.0,0.036923076923076927,0.5,0.0,3.6923076923076925,4.220582465776458,4.0621000337358275,0.042432140911498606,0.19335071000529697,23.57,0.15,0.2,4.2,19.3
Deauville,2:15,Un Instant,Alexis Pouchin,N Perret,0.10315789473684212,14.0,5.0,8.0,Class 1,20,286244,4.166666666666667,Active,Good To Soft,7f209y,0.0,0.24,0.4700000000000001,0.5730994152046784,24.0,4.656771946639301,10.45974036264751,0.10055569090480021,0.3212225199905605,9.94,-0.58,-0.42,10.1,32.1
Deauville,2:15,Poschiavo,Pierre-Charles Boudot,M Nigge,0.0,5.0,4.0,8.0,Class 1,20,-44634,6.25,Active,Good To Soft,7f209y,0.0,0.16,0.505,0.0,16.0,2.254502110512064,6.378151477358444,0.06131695494006634,0.23489730086814595,16.31,-0.62,-0.46,6.1,23.5
Deauville,2:15,Calas,Christophe Soumillon,P & J Brandt,0.08166666666666668,7.0,6.0,8.0,Class 1,20,1-5112,8.333333333333334,Active,Good To Soft,7f209y,0.0,0.12,0.8400000000000001,0.4537037037037038,12.0,5.775559862133218,7.642891903493251,0.07347565515210742,0.2616464413346363,13.61,-0.39,-0.26,7.3,26.2
Deauville,2:15,Wapi,Ronan Thomas,C Lerner,0.09904761904761905,16.0,5.0,8.0,Class 1,20,2-5211,10.416666666666666,Active,Good To Soft,7f209y,0.0,0.096,0.89,0.5502645502645503,9.6,6.429860333202253,7.380902233241577,0.07095699298758981,0.2561053845726976,14.09,-0.26,-0.14,7.1,25.6
Deauville,2:15,Fast Raaj,Clement Lecoeuvre,Y Barberot,0.061875,11.0,8.0,8.0,Class 1,20,-34663,12.5,Active,Good To Soft,7f209y,0.0,0.08,0.54,0.34375,8.0,3.945378693396112,5.161765085377278,0.04962311075157601,0.20917084365346722,20.15,-0.38,-0.19,5.0,20.9
Deauville,2:15,Supido,Mickael Barzalona,Ian Williams,0.08888888888888889,40.0,4.0,8.0,Class 1,20,8-1374,14.583333333333336,Active,Good To Soft,7f209y,0.0,0.06857142857142856,0.56,0.4938271604938272,6.857142857142856,4.704664470194593,5.350407986279071,0.05143664689843924,0.21316062317656637,19.44,-0.25,-0.06,5.1,21.3
Deauville,2:15,Babakool,Maxime Guyon,C Ferland,0.06666666666666667,10.0,5.0,8.0,Class 1,20,047-72,16.666666666666668,Active,Good To Soft,7f209y,0.0,0.06,0.5900000000000001,0.3703703703703704,6.0,4.287439657174758,4.80120776002233,0.04615685922861022,0.2015450903029425,21.67,-0.23,-0.01,4.6,20.2
Deauville,2:15,Apax,D Santiago,Mme S Gavilan,0.11307692307692309,21.0,6.0,8.0,Class 1,20,029551,18.75,Active,Good To Soft,7f209y,0.0,0.05333333333333334,0.65,0.6282051282051283,5.333333333333334,5.706368632090703,5.594458042463492,0.05378284490758065,0.21832225879667744,18.59,0.01,0.19,5.4,21.8
Deauville,2:15,Breizh Sky,Marvin Grandin,Louis Baudron,0.08,8.0,6.0,8.0,Class 1,20,494845,20.833333333333332,Active,Good To Soft,7f209y,0.0,0.048,0.42000000000000004,0.4444444444444445,4.8,3.859191731525602,4.141434212067921,0.03981406460321148,0.18759094212706526,25.12,-0.17,0.12,4.0,18.8
Deauville,2:15,Olympic Message,Aurelien Lemaitre,N Perret,0.10315789473684212,14.0,6.0,8.0,Class 1,20,4-3639,22.916666666666668,Active,Good To Soft,7f209y,0.0,0.04363636363636363,0.5800000000000001,0.5730994152046784,4.363636363636363,5.147851614275593,4.9125870390838235,0.04722761433057264,0.20390075152725984,21.17,0.08,0.32,4.7,20.4
Deauville,2:15,Half Half,Cristian Demuro,D Smaga,0.16666666666666666,1.0,6.0,8.0,Class 1,20,251243,25.0,Active,Good To Soft,7f209y,0.0,0.04,0.67,0.9259259259259259,4.0,7.124788847962218,6.0,0.05768156039354008,0.2268994328657882,17.34,0.44,0.59,5.8,22.7
Deauville,2:15,Mijas,Theo Bachelot,M Delcher Sanchez,0.18,6.0,3.0,8.0,Class 1,20,1-3106,27.083333333333332,Active,Good To Soft,7f209y,0.0,0.036923076923076927,0.5850000000000001,1.0,3.6923076923076925,7.076011574577469,5.538461538461538,0.05324451728634469,0.21713793802995834,18.78,0.44,0.63,5.3,21.7
Deauville,2:15,Big Log,Antoine Hamelin,D & P Prod'homme,0.08166666666666668,7.0,6.0,8.0,Class 1,20,501330,29.16666666666667,Active,Good To Soft,7f209y,0.0,0.03428571428571428,0.675,0.4537037037037038,3.428571428571428,5.0389403606787795,4.555829681046574,0.0437978941483284,0.1963553671263225,22.83,0.28,0.58,4.4,19.6
Deauville,2:15,Kraskhov,Augustin Madamet,M Delcher Sanchez,0.18,6.0,4.0,8.0,Class 1,20,-43366,31.25,Active,Good To Soft,7f209y,0.0,0.032,0.5050000000000001,1.0,3.2,6.718862725387438,4.800000000000001,0.04614524831483208,0.20151954629263058,21.67,0.44,0.73,4.6,20.2
Deauville,2:15,Comme Quoi,Anthony Crastus,N Perret,0.10315789473684212,14.0,5.0,8.0,Class 1,20,762255,33.333333333333336,Active,Good To Soft,7f209y,0.0,0.03,0.5050000000000001,0.5730994152046784,3.0,4.81302456815994,4.2691171977119575,0.04104155691115381,0.1902914252045384,24.37,0.37,0.73,4.1,19.0
Deauville,2:15,Melusine Du Houley,Thomas Trullier,Y Barberot,0.061875,11.0,3.0,8.0,Class 1,20,223821,35.41666666666667,Active,Good To Soft,7f209y,0.0,0.028235294117647056,0.8,0.34375,2.8235294117647056,5.10611245326371,4.235294117647058,0.04071639557191064,0.18957607025820342,24.56,0.44,0.82,4.1,19.0
Deauville,2:15,Ikotofetsy,Mme Coralie Pacaut,Mbolatiana Andriantsoa Ratsimihah,0.0,2.0,3.0,8.0,Class 1,20,060589,37.5,Active,Good To Soft,7f209y,0.0,0.02666666666666667,0.48000000000000004,0.0,2.666666666666667,2.1428930951401797,2.3000251665981257,0.022111506758965314,0.1486453148697237,45.23,-0.17,0.51,2.2,14.9
Deauville,2:15,Saint Eligius,Eddy Hardouin,M Brasme,0.12000000000000002,12.0,4.0,8.0,Class 1,20,-43128,39.583333333333336,Active,Good To Soft,7f209y,0.0,0.02526315789473684,0.7,0.6666666666666669,2.526315789473684,6.101292840329679,3.789473684210526,0.03643045919592005,0.18014701023102414,27.45,0.44,0.92,3.6,18.0
Deauville,2:15,Star Rock,Malone Favriaux,V Luka,0.14142857142857143,9.0,7.0,8.0,Class 1,20,9-0607,41.666666666666664,Active,Good To Soft,7f209y,0.0,0.024,0.48000000000000004,0.7857142857142858,2.4,5.650605006827973,3.5999999999999996,0.034608936236124044,0.1761396597194729,28.89,0.44,0.97,3.5,17.6
Deauville,2:15,Topy'sim,Mme Lea Bails,Nicolas Guilbert,0.0,3.0,5.0,8.0,Class 1,20,2-2013,43.75,Active,Good To Soft,7f209y,0.0,0.022857142857142857,0.775,0.0,2.2857142857142856,3.459879476528415,3.1076299192841756,0.029875490478327046,0.1657260790523195,33.47,0.31,0.94,3.0,16.6
Deauville,3:05,Khovikhov,Alexis Pouchin,M Delcher Sanchez,0.18,6.0,3.0,8.0,,12,1-7291,4.166666666666667,Active,Good To Soft,7f209y,0.0,0.24,0.75,0.5433436532507739,24.0,9.011828681717672,13.508280077202368,0.1403565871738641,0.4087844917825011,7.12,-0.42,-0.33,14.0,40.9
Deauville,3:05,Segall,Pierre-Charles Boudot,A Fabre,0.16361111111111112,31.0,3.0,8.0,,12,0-2100,6.25,Active,Good To Soft,7f209y,0.0,0.16,0.625,0.49387254901960786,16.0,7.796139644013388,10.257297750809371,0.1065775433809276,0.33447059543804075,9.38,-0.33,-0.31,10.7,33.4
Deauville,3:05,Komorebi,Augustin Madamet,A Fabre,0.16361111111111112,31.0,3.0,8.0,,12,12-120,8.333333333333334,Active,Good To Soft,7f209y,0.0,0.12,0.7,0.49387254901960786,12.0,8.31872863219917,9.423110042539417,0.09790998991549736,0.3154019778140942,10.21,-0.18,-0.22,9.8,31.5
Deauville,3:05,Grand Son Of Dark,Maxime Guyon,Endo Botti,0.0,0.0,3.0,8.0,,12,-21124,10.416666666666666,Active,Good To Soft,7f209y,0.0,0.096,0.685,0.0,9.6,4.772979425430146,6.2210855978011015,0.06463963865373737,0.24220720503822224,15.47,-0.33,-0.3,6.5,24.2
Deauville,3:05,Synaran,Mickael Barzalona,F-H Graffard,0.3312820512820513,34.0,3.0,8.0,,12,6-1134,12.5,Active,Good To Soft,7f209y,0.0,0.08,0.685,1.0,8.0,11.740832601240578,10.618582820868404,0.11033144388791638,0.34272917655341606,9.06,0.38,0.13,11.0,34.3
Deauville,3:05,Campacite,Marvin Grandin,J-C Rouget,0.10833333333333332,13.0,3.0,8.0,,12,42-430,14.583333333333336,Active,Good To Soft,7f209y,0.0,0.06857142857142856,0.5800000000000001,0.32701238390092874,6.857142857142856,6.319929119663478,6.481093240907292,0.0673412250301625,0.24815069506635754,14.85,-0.02,-0.08,6.7,24.8
Deauville,3:05,Lord Clover,Clement Lecoeuvre,F-H Graffard,0.3312820512820513,34.0,3.0,8.0,,12,1224,16.666666666666668,Active,Good To Soft,7f209y,0.0,0.06,0.635,1.0,6.0,11.392439942450057,9.0,0.09351370251026019,0.30573014552257244,10.69,0.56,0.26,9.4,30.6
Deauville,3:05,Distant Storm,Billy Loughnane,Charlie Appleby,0.32035714285714284,23.0,3.0,8.0,,12,313-32,18.75,Active,Good To Soft,7f209y,0.0,0.05333333333333334,0.775,0.9670223352498893,5.333333333333334,12.138155861003648,8.0,0.08312329112023129,0.28287124046450884,12.03,0.56,0.29,8.3,28.3
Deauville,3:05,Wild Desert,Kieran Shoemark,Charlie Appleby,0.32035714285714284,23.0,3.0,8.0,,12,232-60,20.833333333333332,Active,Good To Soft,7f209y,0.0,0.048,0.545,0.9670223352498893,4.8,10.53554963056725,7.199999999999999,0.07481096200820814,0.2645841164180579,13.37,0.56,0.31,7.5,26.5
Deauville,3:05,Lyneham,Cristian Demuro,C Ferland,0.06666666666666667,10.0,3.0,8.0,,12,11-754,22.916666666666668,Active,Good To Soft,7f209y,0.0,0.04363636363636363,0.48000000000000004,0.20123839009287925,4.363636363636363,4.746769079892656,4.631829265015767,0.04812661155188906,0.20587854541415596,20.78,0.1,0.11,4.8,20.6
Deauville,3:05,Saint Arnoult,Christophe Soumillon,P Cottier,0.05647058823529412,12.0,3.0,8.0,,12,1211,25.0,Active,Good To Soft,7f209y,0.0,0.04,0.9500000000000001,0.17046075396102714,4.0,7.807206022858295,6.0,0.06234246834017346,0.23715343034838163,16.04,0.56,0.38,6.2,23.7
Deauville,3:05,Wootton Centurion,Aurelien Lemaitre,Mme Victoria Head,0.0,4.0,3.0,8.0,,12,1-10,27.083333333333332,Active,Good To Soft,7f209y,0.0,0.036923076923076927,0.7777777777777778,0.0,3.6923076923076925,5.419441358963669,4.9013012589668765,0.05092653642713247,0.21203838013969145,19.64,0.38,0.32,5.1,21.2
Deauville,3:40,Stolen Kiss,Alexis Pouchin,P Cottier,0.05647058823529412,12.0,4.0,6.5,,11,-71114,4.166666666666667,Active,Good To Soft,6f101y,0.0,0.24,0.7600000000000001,0.17046075396102714,24.0,6.89421958162082,12.025953707134573,0.12670260834092073,0.3787457383500257,7.89,-0.47,-0.38,12.7,37.9
Deauville,3:40,Mise En Boite,Anthony Crastus,Xavier Blanchet,0.0,5.0,4.0,6.5,,11,-12231,6.25,Active,Good To Soft,6f101y,0.0,0.16,0.8500000000000001,0.0,16.0,6.298048165310527,9.208633715717369,0.09701999021876653,0.31344397848128636,10.31,-0.39,-0.36,9.7,31.3
Deauville,3:40,Summer Sail,Maxime Guyon,P Groualle,0.0,5.0,4.0,6.5,,11,12-318,8.333333333333334,Active,Good To Soft,6f101y,0.0,0.12,0.7250000000000001,0.0,12.0,5.37186461158839,7.360305228111873,0.07754643775435699,0.2706021630595854,12.9,-0.35,-0.33,7.8,27.1
Deauville,3:40,Rosy Affair,Billy Loughnane,George Boughey,0.17379310344827587,24.0,5.0,6.5,,11,1-2144,10.416666666666666,Active,Good To Soft,6f101y,0.0,0.096,0.555,0.5246076652076439,9.6,7.999318911901391,8.479523238330973,0.08933825440776434,0.2965441596970816,11.19,-0.07,-0.14,8.9,29.7
Deauville,3:40,Samangan,Mickael Barzalona,F-H Graffard,0.3312820512820513,34.0,3.0,6.5,,11,1-2464,12.5,Active,Good To Soft,6f101y,0.0,0.08,0.43500000000000005,1.0,8.0,10.632587196730125,9.842811037711087,0.10370153272292519,0.3281433719904354,9.64,0.3,0.08,10.4,32.8
Deauville,3:40,Afandy,Cristian Demuro,J-C Rouget,0.10833333333333332,13.0,3.0,6.5,,11,1-1214,14.583333333333336,Active,Good To Soft,6f101y,0.0,0.06857142857142856,0.7100000000000001,0.32701238390092874,6.857142857142856,7.68371051980181,7.435740221004123,0.07834120302556842,0.27235064665625053,12.76,0.14,0.01,7.8,27.2
Deauville,3:40,How Are You,Clement Lecoeuvre,F-H Graffard,0.3312820512820513,34.0,3.0,6.5,,11,1221,16.666666666666668,Active,Good To Soft,6f101y,0.0,0.06,0.875,1.0,6.0,13.892753305832043,9.0,0.09482187465862046,0.30860812424896505,10.55,0.58,0.28,9.5,30.9
Deauville,3:40,Wise Approach,Christophe Soumillon,Charlie Appleby,0.32035714285714284,23.0,3.0,6.5,,11,31-540,18.75,Active,Good To Soft,6f101y,0.0,0.05333333333333334,0.5,0.9670223352498893,5.333333333333334,10.869855678811918,8.0,0.08428611080766264,0.28542944377685786,11.86,0.58,0.3,8.4,28.5
Deauville,3:40,Take Charge Star,Ben Coen,J P Murtagh,0.09904761904761905,16.0,3.0,6.5,,11,6-2582,20.833333333333332,Active,Good To Soft,6f101y,0.0,0.048,0.6050000000000001,0.2989827509951349,4.8,6.698031654561497,6.128622158193048,0.06456971579046947,0.24205337473903285,15.49,0.35,0.2,6.5,24.2
Deauville,3:40,Division,James Doyle,William Haggas,0.13684210526315788,52.0,3.0,6.5,,11,5-3235,22.916666666666668,Active,Good To Soft,6f101y,0.0,0.04363636363636363,0.6100000000000001,0.41306827440117316,4.363636363636363,7.580392080682017,6.545454545454545,0.06896136338808762,0.2517149994537928,14.5,0.58,0.36,6.9,25.2
Deauville,3:40,My Calyx Cen,Aurelien Lemaitre,P Olave,0.0,3.0,3.0,6.5,,11,1-1110,25.0,Active,Good To Soft,6f101y,0.0,0.04,0.8,0.0,4.0,5.927574743821673,5.349302320675171,0.05635898601801429,0.22398976923963146,17.74,0.41,0.3,5.6,22.4
Deauville,3:40,True Love,Wayne Lordan,A P O'Brien,0.19714285714285715,30.0,3.0,6.5,,11,-11232,27.083333333333332,Active,Good To Soft,6f101y,0.0,0.036923076923076927,0.775,0.5950906678460858,3.6923076923076925,10.15164354933778,5.538461538461538,0.05835192286684336,0.22837423030705542,17.14,0.58,0.42,5.8,22.8
Deauville,4:15,Ponntos,C Y Ho,Miroslav Nieslanik,0.0,5.0,8.0,5.0,,13,961824,4.166666666666667,Active,Good To Soft,4f213y,0.0,0.24,0.585,0.0,24.0,4.843491564186242,10.590444094930369,0.1103324364551768,0.342731360201389,9.06,-0.54,-0.44,11.0,34.3
Deauville,4:15,Washington Heights,James Doyle,Kevin Ryan,0.060000000000000005,30.0,6.0,5.0,,13,0-0818,6.25,Active,Good To Soft,4f213y,0.0,0.16,0.65,0.18111455108359134,16.0,6.881190285548394,9.616833199883875,0.10018924876192346,0.32041634727623164,9.98,-0.37,-0.34,10.0,32.0
Deauville,4:15,Estepona,Christophe Soumillon,M Delcher Sanchez,0.18,6.0,4.0,5.0,,13,5-2251,8.333333333333334,Active,Good To Soft,4f213y,0.0,0.12,0.7450000000000001,0.5433436532507739,12.0,10.666806181697453,11.066764327188217,0.11529479415111718,0.35364854713245786,8.67,-0.04,-0.13,11.5,35.4
Deauville,4:15,Monteille,Cristian Demuro,Mario Baratti,0.0,13.0,5.0,5.0,,13,16-750,10.416666666666666,Active,Good To Soft,4f213y,0.0,0.096,0.46,0.0,9.6,3.8085574692746524,5.545990228492256,0.05777874931222858,0.2271132484869029,17.31,-0.4,-0.35,5.8,22.7
Deauville,4:15,Regional,Callum Rodriguez,Edward Bethell,0.20470588235294115,29.0,8.0,5.0,,13,349-30,12.5,Active,Good To Soft,4f213y,0.0,0.08,0.565,0.6179202331087232,8.0,9.79395584643987,9.255769092507908,0.09642764232443951,0.31214081311376696,10.37,0.21,0.03,9.6,31.2
Deauville,4:15,Baileys Bachelor,Pierre Bazire,J-V Toux,0.0,5.0,5.0,5.0,,13,700420,14.583333333333336,Active,Good To Soft,4f213y,0.0,0.06857142857142856,0.5549999999999999,0.0,6.857142857142856,4.59510738140746,5.273718024128078,0.05494218689640865,0.22087281117209906,18.2,-0.2,-0.18,5.5,22.1
Deauville,4:15,Jawwal,Pierre-Charles Boudot,V Luka,0.14142857142857143,9.0,4.0,5.0,,13,12-772,16.666666666666668,Active,Good To Soft,4f213y,0.0,0.06,0.625,0.4269128704113224,6.0,8.709283955719958,7.89649876900397,0.0822666113753033,0.28098654502566733,12.16,0.37,0.16,8.2,28.1
Deauville,4:15,Zzodiac,Maxime Guyon,G Mosse,0.13909090909090907,17.0,4.0,5.0,,13,134-23,18.75,Active,Good To Soft,4f213y,0.0,0.05333333333333334,0.68,0.4198564593301435,5.333333333333334,9.106231594156068,7.974362115909248,0.0830778004715874,0.28277116103749234,12.04,0.56,0.29,8.3,28.3
Deauville,4:15,Jangir,Anthony Crastus,J Reynier,0.10833333333333332,13.0,3.0,5.0,,13,15,20.833333333333332,Active,Good To Soft,4f213y,0.0,0.048,0.6571428571428573,0.32701238390092874,4.8,8.148286509137186,7.14380055639603,0.07442491682802316,0.26373481702165097,13.44,0.55,0.31,7.4,26.4
Deauville,4:15,Charibelle,Theo Bachelot,S Wattel,0.0,20.0,4.0,5.0,,13,6-5712,22.916666666666668,Active,Good To Soft,4f213y,0.0,0.04363636363636363,0.74,0.0,4.363636363636363,6.1268098418766135,5.5978577984045375,0.05831911148308133,0.22830204526277895,17.15,0.34,0.23,5.8,22.8
Deauville,4:15,Profumo Di Iena,Clement Lecoeuvre,Maurizio Guarnieri,0.09272727272727273,6.0,4.0,5.0,,13,213644,25.0,Active,Good To Soft,4f213y,0.0,0.04,0.43500000000000005,0.2799043062200957,4.0,5.919030728850345,5.343321510195241,0.05566732383445644,0.22246811243580417,17.96,0.39,0.29,5.6,22.2
Deauville,4:15,Shiri,Mickael Barzalona,F-H Graffard,0.3312820512820513,34.0,3.0,5.0,,13,115-14,27.083333333333332,Active,Good To Soft,4f213y,0.0,0.036923076923076927,0.64,1.0,3.6923076923076925,13.578335325240062,5.538461538461538,0.05770031457361337,0.22694069206194942,17.33,0.56,0.41,5.8,22.7
Deauville,4:15,Sternle,Eddy Hardouin,G Mosse,0.13909090909090907,17.0,3.0,5.0,,13,13-088,29.16666666666667,Active,Good To Soft,4f213y,0.0,0.03428571428571428,0.525,0.4198564593301435,3.428571428571428,7.822913316465694,5.142857142857142,0.053578863532640984,0.2178734997718102,18.66,0.56,0.45,5.4,21.8
Deauville,4:50,Canalejas,Christophe Soumillon,Roberto-Carlos Montenegro,0.057777777777777775,13.0,3.0,6.0,,14,34-816,4.166666666666667,Active,Good To Soft,5f212y,0.0,0.24,0.6000000000000001,0.17440660474716202,24.0,5.565881136974716,11.0961167958823,0.11617850636235548,0.35559271399718206,8.61,-0.52,-0.42,11.6,35.6
Deauville,4:50,Kailani,Alexis Pouchin,S Wattel,0.0,20.0,3.0,6.0,,14,048217,6.25,Active,Good To Soft,5f212y,0.0,0.16,0.7,0.0,16.0,5.031099647134793,8.321769752994355,0.08713055188397886,0.2916872141447535,11.48,-0.46,-0.4,8.7,29.2
Deauville,4:50,Moojeed,Mickael Barzalona,F-H Graffard,0.3312820512820513,34.0,3.0,6.0,,14,5-5305,8.333333333333334,Active,Good To Soft,5f212y,0.0,0.12,0.5,1.0,12.0,10.780927815288845,11.14664947070219,0.11670759332052881,0.35675670530516346,8.57,-0.03,-0.12,11.7,35.7
Deauville,4:50,Behike,Pierre-Charles Boudot,George Scott,0.057777777777777775,13.0,3.0,6.0,,14,3-1102,10.416666666666666,Active,Good To Soft,5f212y,0.0,0.096,0.7500000000000001,0.17440660474716202,9.6,6.6439739185036,7.53078174295252,0.07884875319281023,0.2734672570241825,12.68,-0.18,-0.21,7.9,27.3
Deauville,4:50,Pas Dansant,Theo Bachelot,O Trigodet,0.1,5.0,3.0,6.0,,14,-33717,12.5,Active,Good To Soft,5f212y,0.0,0.08,0.675,0.3018575851393189,8.0,7.020954074136249,7.314667851895374,0.07658599861577718,0.26848919695470985,13.06,-0.04,-0.11,7.7,26.8
Deauville,4:50,Bourgoin,Stephane Pasquier,F Chappet,0.061875,11.0,3.0,6.0,,14,-04368,14.583333333333336,Active,Good To Soft,5f212y,0.0,0.06857142857142856,0.51,0.18677438080495357,6.857142857142856,5.007916202000524,5.562684198543223,0.058242388165205036,0.2281332539634511,17.17,-0.15,-0.15,5.8,22.8
Deauville,4:50,Kalkara,Marvin Grandin,S Kobayashi,0.1,5.0,3.0,6.0,,14,231714,16.666666666666668,Active,Good To Soft,5f212y,0.0,0.06,0.66,0.3018575851393189,6.0,6.91314479598336,6.639201357188352,0.06951373271443058,0.25293021197174725,14.39,0.16,0.05,7.0,25.3
Deauville,4:50,Agiota,Antoine Hamelin,M Delcher Sanchez,0.18,6.0,3.0,6.0,,14,69-451,18.75,Active,Good To Soft,5f212y,0.0,0.05333333333333334,0.65,0.5433436532507739,5.333333333333334,8.57690118968645,7.603830832780515,0.07961359140634593,0.2751499010939611,12.56,0.49,0.25,8.0,27.5
Deauville,4:50,Imperior,Aurelien Lemaitre,Alicja Karkosa,0.0,10.0,3.0,6.0,,14,4-1058,20.833333333333332,Active,Good To Soft,5f212y,0.0,0.048,0.52,0.0,4.8,3.7373883093001323,4.056171816510092,0.04246890978707965,0.19343160153157524,23.55,-0.12,-0.04,4.2,19.3
Deauville,4:50,Hallo Spaceboy,Kieran Shoemark,Ed Walker,0.22448979591836735,44.0,3.0,6.0,,14,21-221,22.916666666666668,Active,Good To Soft,5f212y,0.0,0.04363636363636363,0.875,0.6776394768433689,4.363636363636363,11.159262748677463,6.545454545454545,0.06853218531692046,0.25077080769722504,14.59,0.57,0.35,6.9,25.1
Deauville,4:50,Fire Fly,Augustin Madamet,M Delcher Sanchez,0.18,6.0,3.0,6.0,,14,6213,25.0,Active,Good To Soft,5f212y,0.0,0.04,0.79,0.5433436532507739,4.0,9.58312111911341,6.0,0.06282116987384376,0.2382065737224563,15.92,0.57,0.38,6.3,23.8
Deauville,4:50,Inju,Cristian Demuro,Mario Baratti,0.0,13.0,3.0,6.0,,14,155824,27.083333333333332,Active,Good To Soft,5f212y,0.0,0.036923076923076927,0.525,0.0,3.6923076923076925,3.7733247353510952,3.749019622438074,0.039252966426925974,0.18635652613923714,25.48,0.06,0.16,3.9,18.6
Deauville,4:50,Miss Chiquita,Tony Piccone,A Botti,0.08,8.0,3.0,6.0,,14,-26513,29.16666666666667,Active,Good To Soft,5f212y,0.0,0.03428571428571428,0.7200000000000001,0.2414860681114551,3.428571428571428,6.9104745971436605,5.142857142857142,0.05384671703472321,0.2184627774763911,18.57,0.57,0.45,5.4,21.8
Deauville,4:50,No Tune,Maxime Guyon,Christopher Head,0.18,6.0,3.0,6.0,,14,1-3232,31.25,Active,Good To Soft,5f212y,0.0,0.032,0.75,0.5433436532507739,3.2,9.295629710705706,4.800000000000001,0.05025693589907501,0.21056525897796502,19.9,0.57,0.48,5.0,21.1
Deauville,5:25,Papateou,Marie Velon,Bart De Koninck,0.0,1.0,6.0,5.5,Class 4,13,080290,4.166666666666667,Active,Good To Soft,5f102y,0.0,0.24,0.55,0.0,24.0,5.181437543614794,10.827006280530355,0.11425706195236666,0.3513655362952067,8.75,-0.52,-0.43,11.4,35.1
Deauville,5:25,Red Gust,Pierre Bazire,J-V Toux,0.0,5.0,4.0,5.5,Class 4,13,876326,6.25,Active,Good To Soft,5f102y,0.0,0.16,0.5750000000000001,0.0,16.0,5.416957431960921,8.591870202372645,0.09066974014455798,0.2994734283180276,11.03,-0.43,-0.39,9.1,29.9
Deauville,5:25,Reminisce,C Y Ho,R Roels,0.0,0.0,6.0,5.5,Class 4,13,000443,8.333333333333334,Active,Good To Soft,5f102y,0.0,0.12,0.55,0.0,12.0,5.181437543614794,7.227006280530356,0.07626637344891718,0.2677860215876178,13.11,-0.36,-0.34,7.6,26.8
Deauville,5:25,Hatfaville,Alexis Pouchin,Matthieu Gonzalez,0.0,1.0,5.0,5.5,Class 4,13,0-2361,10.416666666666666,Active,Good To Soft,5f102y,0.0,0.096,0.7450000000000001,0.0,9.6,7.018492672714584,7.792944870900208,0.08223870586525672,0.2809251529035648,12.16,-0.14,-0.19,8.2,28.1
Deauville,5:25,Shelbylandor,M Romary,C Plisson,0.0,13.0,6.0,5.5,Class 4,13,586110,12.5,Active,Good To Soft,5f102y,0.0,0.08,0.74,0.0,8.0,6.971388695045358,7.27997208653175,0.07682531995923193,0.26901570391031027,13.02,-0.04,-0.11,7.7,26.9
Deauville,5:25,Les Trois Vallees,C Collet-Vidal,Robert Collet,0.0,2.0,6.0,5.5,Class 4,13,080821,14.583333333333336,Active,Good To Soft,5f102y,0.0,0.06857142857142856,0.775,0.0,6.857142857142856,7.3011165387299375,7.167924434253813,0.07564288455500029,0.26641434602100067,13.22,0.1,-0.01,7.6,26.6
Deauville,5:25,Riski Chope,Bryan Labate,S Labate,0.16916666666666666,7.0,6.0,5.5,Class 4,13,253531,16.666666666666668,Active,Good To Soft,5f102y,0.0,0.06,0.78,0.9398148148148148,6.0,16.20202372644801,9.0,0.09497672125862373,0.30894878676897225,10.53,0.58,0.28,9.5,30.9
Deauville,5:25,Air De Samba,Mme Frida Valle Skar,Mme C Barbe,0.18,6.0,4.0,5.5,Class 4,13,958292,18.75,Active,Good To Soft,5f102y,0.0,0.05333333333333334,0.65,1.0,5.333333333333334,15.54431263084438,8.0,0.08442375222988775,0.28573225490575305,11.85,0.58,0.3,8.4,28.6
Deauville,5:25,Big Boots,D Santiago,Mme Caroline Diaz,0.0,0.0,10.0,5.5,Class 4,13,033124,20.833333333333332,Active,Good To Soft,5f102y,0.0,0.048,0.66,0.0,4.8,6.217725052337752,5.792407536636425,0.061127097335941,0.23447961413907023,16.36,0.27,0.16,6.1,23.4
Deauville,5:25,Denver Chop,Thomas Trullier,K Geerts,0.0,0.0,6.0,5.5,Class 4,13,0-0008,22.916666666666668,Active,Good To Soft,5f102y,0.0,0.04363636363636363,0.5,0.0,4.363636363636363,4.710397766922539,4.606369345936686,0.04861087304258862,0.206943920693695,20.57,0.11,0.11,4.9,20.7
Deauville,5:25,Maminoa,Mme Coralie Pacaut,L Boutault,0.0,0.0,4.0,5.5,Class 4,13,060320,25.0,Active,Good To Soft,5f102y,0.0,0.04,0.625,0.0,4.0,5.887997208653174,5.321598046057222,0.056158659363423714,0.22354905059953217,17.81,0.4,0.3,5.6,22.4
Deauville,5:25,Two Two Two,Eddy Hardouin,Frau Chr Janssen/Belgien,0.0,2.0,6.0,5.5,Class 4,13,461676,27.083333333333332,Active,Good To Soft,5f102y,0.0,0.036923076923076927,0.49000000000000005,0.0,3.6923076923076925,4.616189811584089,4.33902517580117,0.045789598295135396,0.20073711624929788,21.84,0.24,0.25,4.6,20.1
Deauville,5:25,Rue Du Sahel,P Cheyer,Melanie Van Den Weghe,0.0,0.0,5.0,5.5,Class 4,13,00-035,29.16666666666667,Active,Good To Soft,5f102y,0.0,0.03428571428571428,0.535,0.0,3.428571428571428,5.0401256106071175,4.55665935599641,0.048086285058330104,0.20578982712832625,20.8,0.4,0.37,4.8,20.6
Deauville,5:25,Lagoa Santa,Anthony Crastus,F Monnier,0.0,4.0,7.0,5.5,Class 4,13,2-7808,31.25,Active,Good To Soft,5f102y,0.0,0.032,0.5,0.0,3.2,4.710397766922539,4.257278436845777,0.04492692749073896,0.19883924047962573,22.26,0.4,0.4,4.5,19.9
Downpatrick,1:58,Lilannbee,Michael Kenneally(5),S G Carey,0.0,1.0,5.0,18.0,,7,2166-4,4.166666666666667,Active,Good,2m1f165y,0.0,0.24,0.4600000000000001,0.0,24.0,12.751424525082816,16.12599716755797,0.17021831861527503,0.47448030095360516,5.87,-0.29,-0.15,17.0,47.4
Downpatrick,1:58,Shoda,J J Slevin,Joseph Patrick O'Brien,0.11189189189189189,69.0,5.0,18.0,,7,3397-8,6.25,Active,Good,2m1f165y,0.0,0.16,0.525,1.0,16.0,42.27374434945933,34.39162104462152,0.3630215141328649,0.85,2.75,1.27,0.97,36.3,85.0
Downpatrick,1:58,Searcog,Eoin Walsh,Patrick Magee,0.0,11.0,4.0,18.0,,7,4465-4,8.333333333333334,Active,Good,2m1f165y,0.0,0.12,0.4,0.0,12.0,11.088195239202447,11.361736667441711,0.11992906187359306,0.3638439361219048,8.34,-0.0,0.03,12.0,36.4
Downpatrick,1:58,Santa Paula,Patrick M O'Brien(5),Dermot A McLoughlin,0.0,6.0,6.0,18.0,,7,07/F03,10.416666666666666,Active,Good,2m1f165y,0.0,0.096,0.5,0.0,9.6,13.860244049003057,12.58217083430214,0.13281138162753328,0.39218503958057327,7.53,0.38,0.32,13.3,39.2
Downpatrick,1:58,Tubberfinn Lassie,Eoghan Finegan(5),John G Carr,0.0,2.0,8.0,18.0,,7,PP-,12.5,Active,Good,2m1f165y,0.0,0.08,0.0,0.0,8.0,0.0,2.4,0.02533325291030822,0.1557331564026781,39.47,-0.68,-0.4,2.5,15.6
Downpatrick,1:58,Clanokre Lass,Sam Ewing,Gordon Elliott,0.03607843137254902,46.0,4.0,18.0,,7,64,14.583333333333336,Active,Good,2m1f165y,0.0,0.06857142857142856,0.4000000000000001,0.3224400871459695,6.857142857142856,20.02639183725235,16.0756171432195,0.16968653115769422,0.4733103685469273,5.89,1.47,1.08,17.0,47.3
Downpatrick,1:58,Greenroad Girl,Conor Stone-Walsh,R K Watson,0.0,0.0,4.0,18.0,,7,P,16.666666666666668,Active,Good,2m1f165y,0.0,0.06,0.0,0.0,6.0,0.0,1.7999999999999998,0.018999939682731164,0.14179986730200855,52.63,-0.68,-0.3,1.9,14.2
Downpatrick,2:33,Chanceawetmorning,Jack Kennedy,Gordon Elliott,0.03607843137254902,46.0,6.0,18.0,,5,1-1319,4.166666666666667,Active,Good,2m1f165y,0.0,0.24,0.75,0.37484084542908075,24.0,16.519001399299643,18.76330097950975,0.21207805284987502,0.5665717162697251,4.72,-0.12,0.02,21.2,56.7
Downpatrick,2:33,Cosmos d'Ainay,Jack Kennedy,Gordon Elliott,0.03607843137254902,46.0,6.0,18.0,,5,/193-1,6.25,Active,Good,2m1f165y,0.0,0.16,0.825,0.37484084542908075,16.0,17.620423978308917,17.13429678481624,0.19366572561213835,0.5260645963467044,5.16,0.21,0.22,19.4,52.6
Downpatrick,2:33,Malbay Madness,P J O'Hanlon,Dermot A McLoughlin,0.0,6.0,6.0,18.0,,5,73-118,8.333333333333334,Active,Good,2m1f165y,0.0,0.12,0.7749999999999999,0.0,12.0,11.381366649762525,11.566956654833767,0.13073912993427578,0.3876260858554067,7.65,0.09,0.1,13.1,38.8
Downpatrick,2:33,Trasna Na Pairce,Darragh O'Keeffe,Henry De Bromhead,0.09625,35.0,7.0,18.0,,5,0-5274,10.416666666666666,Active,Good,2m1f165y,0.0,0.096,0.5,1.0,9.6,22.028451580185532,18.29991610612987,0.20684050100471676,0.555049102210377,4.83,1.15,0.86,20.7,55.5
Downpatrick,2:33,Cap Bernat,Danny Mullins,Robin McNeilly,0.0,0.0,13.0,18.0,,5,42/05-,12.5,Active,Good,2m1f165y,0.0,0.08,0.5,0.0,8.0,7.3428171933951765,7.539972035376623,0.085222882133129,0.2874903406928838,11.73,0.07,0.11,8.5,28.7
Downpatrick,2:33,Shinnhill,Patrick M O'Brien(5),Neil McKnight,0.0,0.0,9.0,18.0,,5,71/7-P,14.583333333333336,Active,Good,2m1f165y,0.0,0.06857142857142856,0.4,0.0,6.857142857142856,5.874253754716142,6.1691204854441555,0.06972840556030224,0.253402492232665,14.34,0.02,0.11,7.0,25.3
Downpatrick,2:33,Tribal Moon,Ms E Dunseath(7),Noel C Kelly,0.07071428571428572,9.0,5.0,18.0,,5,0-730,16.666666666666668,Active,Good,2m1f165y,0.0,0.06,0.575,0.7346938775510204,6.0,19.233685444332057,9.0,0.10172530290556293,0.32379566639223845,9.83,0.7,0.59,10.2,32.4
Downpatrick,3:08,Kalsman,Kieren Buckley,Liam Lennon,0.0,0.0,8.0,18.0,,9,61-903,4.166666666666667,Active,Good,2m1f165y,0.0,0.24,0.65,0.0,24.0,6.241753391761721,11.569227374233204,0.12177173682786281,0.3678978210212982,8.21,-0.49,-0.4,12.2,36.8
Downpatrick,3:08,Pralognan,Daniel King,A J Martin,0.12375,11.0,7.0,18.0,,9,5/135-,6.25,Active,Good,2m1f165y,0.0,0.16,0.625,1.0,16.0,15.604383479404301,15.72306843558301,0.16549293135412943,0.46408444897908474,6.04,0.03,-0.05,16.5,46.4
Downpatrick,3:08,Tropical Twist,Jack Kennedy,Gordon Elliott,0.03607843137254902,46.0,5.0,18.0,,9,FP-541,8.333333333333334,Active,Good,2m1f165y,0.0,0.12,0.6000000000000001,0.2915428797781739,12.0,8.561216605779123,9.592851624045386,0.10096942220996101,0.32213272886191424,9.9,-0.16,-0.21,10.1,32.2
Downpatrick,3:08,Augusta George,Sam Ewing,W J Bryson,0.0,0.0,8.0,18.0,,9,826/0-,10.416666666666666,Active,Good,2m1f165y,0.0,0.096,0.52,0.0,9.6,4.993402713409377,6.375381899386563,0.0671039907607206,0.24762877967358535,14.9,-0.3,-0.29,6.7,24.8
Downpatrick,3:08,Parkgarve,P J O'Hanlon,Ian Patrick Donoghue,0.061875,11.0,6.0,18.0,,9,0-8654,12.5,Active,Good,2m1f165y,0.0,0.08,0.41000000000000003,0.5,8.0,8.73845474846641,8.516918323926486,0.08964470168815553,0.2972183437139422,11.16,0.12,-0.02,9.0,29.7
Downpatrick,3:08,Barrogstown Girl,Aidan Kelly,Jarlath P Fahey,0.0,4.0,6.0,18.0,,9,06-820,14.583333333333336,Active,Good,2m1f165y,0.0,0.06857142857142856,0.565,0.0,6.857142857142856,5.425524102069803,5.8550097285917175,0.06162682093901731,0.2355790060658381,16.23,-0.1,-0.12,6.2,23.6
Downpatrick,3:08,Leitzel,Alan O'Sullivan(5),S McParlan,0.0,1.0,6.0,18.0,,9,3000-0,16.666666666666668,Active,Good,2m1f165y,0.0,0.06,0.5,0.0,6.0,4.801348762893632,5.1609441340255415,0.05432144347612617,0.21950717564747757,18.41,-0.09,-0.09,5.4,22.0
Downpatrick,3:08,Fine Print,Alex Harvey,John C McConnell,0.05970588235294118,29.0,5.0,18.0,,9,078-40,18.75,Active,Good,2m1f165y,0.0,0.05333333333333334,0.47000000000000003,0.48247177658942364,5.333333333333334,9.146298372437457,8.0,0.08420388528213792,0.2852485476207034,11.88,0.58,0.3,8.4,28.5
Downpatrick,3:08,Granlahan,Darragh O'Keeffe,Adrian McGuinness,0.07392857142857143,23.0,4.0,18.0,,9,833U36,20.833333333333332,Active,Good,2m1f165y,0.0,0.048,0.46,0.5974025974025974,4.8,10.153917305838947,7.199999999999999,0.07578349675392412,0.26672369285863307,13.2,0.58,0.32,7.6,26.7
Downpatrick,3:08,Gortmore Lady,Mr J Costello(7),Ciaran Murphy,0.1,25.0,6.0,18.0,,9,7P-B93,22.916666666666668,Active,Good,2m1f165y,0.0,0.04363636363636363,0.55,0.8080808080808082,4.363636363636363,13.041239215576741,6.545454545454545,0.06889408795811285,0.2515669935078483,14.52,0.58,0.35,6.9,25.2
Downpatrick,3:08,Mount Hotham,Danny Mullins,John Joseph Hanlon,0.052500000000000005,15.0,7.0,18.0,,9,00-906,25.0,Active,Good,2m1f165y,0.0,0.04,0.4600000000000001,0.4242424242424243,4.0,8.49111253946886,6.0,0.06315291396160344,0.2389364107155276,15.83,0.58,0.39,6.3,23.9
Downpatrick,3:08,La Rocca Lass,Joshua Halford(7),Dermot Day,0.0,1.0,6.0,18.0,,9,0000-0,27.083333333333332,Active,Good,2m1f165y,0.0,0.036923076923076927,0.5,0.0,3.6923076923076925,4.801348762893632,4.46863644171785,0.047034568788248854,0.20347605133414748,21.26,0.27,0.26,4.7,20.3
Downpatrick,3:43,Cobra Queen,Darragh O'Keeffe,Henry De Bromhead,0.09625,35.0,7.0,22.0,,10,14-P83,4.166666666666667,Active,Good,2m5f180y,0.0,0.24,0.49000000000000005,0.9625,24.0,11.951818642271741,15.566273049590217,0.16907524244950986,0.4719655333889218,5.91,-0.3,-0.23,16.9,47.2
Downpatrick,3:43,Samba Train,Mark Walsh,E Bolger,0.0,5.0,5.0,22.0,,10,614-1U,6.25,Active,Good,2m5f180y,0.0,0.16,0.48,0.0,16.0,3.949654353384121,7.564758047368884,0.08216567298133351,0.28076448055893377,12.17,-0.49,-0.42,8.2,28.1
Downpatrick,3:43,Billie Frechette,Mr Finn Tegetmeier(7),Noel Meade,0.06666666666666667,25.0,5.0,22.0,,10,22-430,8.333333333333334,Active,Good,2m5f180y,0.0,0.12,0.5800000000000001,0.6666666666666666,12.0,10.25813005670598,10.780691039694185,0.11709597702049411,0.3576111494450871,8.54,-0.02,-0.12,11.7,35.8
Downpatrick,3:43,Theflyingbee,Mr J R Martin(7),F G Hand,0.0,0.0,9.0,22.0,,10,5533-2,10.416666666666666,Active,Good,2m5f180y,0.0,0.096,0.7150000000000001,0.0,9.6,5.883339297228431,6.998337508059901,0.07601341741528012,0.2672295183136163,13.16,-0.21,-0.23,7.6,26.7
Downpatrick,3:43,Camlin Park,Alex Harvey,John C McConnell,0.05970588235294118,29.0,6.0,22.0,,10,01PP-7,12.5,Active,Good,2m5f180y,0.0,0.08,0.30000000000000004,0.5970588235294118,8.0,7.381400599155374,7.566980419408761,0.08218981158472677,0.2808175854863989,12.17,0.03,-0.07,8.2,28.1
Downpatrick,3:43,Poetic Twist,Jack Kennedy,Gordon Elliott,0.03607843137254902,46.0,5.0,22.0,,10,22-212,14.583333333333336,Active,Good,2m5f180y,0.0,0.06857142857142856,0.8250000000000001,0.3607843137254902,6.857142857142856,9.757162868501009,8.887156865093562,0.0965290918940983,0.3123640021670163,10.36,0.41,0.16,9.7,31.2
Downpatrick,3:43,Gangster Granny,Sean Flanagan,C A McBratney,0.0,0.0,5.0,22.0,,10,0-1521,16.666666666666668,Active,Good,2m5f180y,0.0,0.06,0.805,0.0,6.0,6.623899488487954,6.436729641941567,0.06991343536928812,0.25380955781243386,14.3,0.17,0.05,7.0,25.4
Downpatrick,3:43,Joya Del Mar,Patrick M O'Brien(5),Dermot A McLoughlin,0.0,6.0,8.0,22.0,,10,-01613,18.75,Active,Good,2m5f180y,0.0,0.05333333333333334,0.78,0.0,5.333333333333334,6.418188324249197,6.092731826974438,0.06617705519772227,0.245589521434989,15.11,0.24,0.12,6.6,24.6
Downpatrick,3:43,Oh Janey,Sam Ewing,S R B Crawford,0.0,0.0,6.0,22.0,,10,416-65,20.833333333333332,Active,Good,2m5f180y,0.0,0.048,0.4600000000000001,0.0,4.8,3.7850854219931165,4.089559795395181,0.0444193232198513,0.1977225110836729,22.51,-0.07,-0.02,4.4,19.8
Downpatrick,3:43,Shannon Bank,Daniel King,Andrew Kinirons,0.08166666666666668,7.0,7.0,22.0,,10,2P-717,22.916666666666668,Active,Good,2m5f180y,0.0,0.04363636363636363,0.6000000000000001,0.8166666666666668,4.363636363636363,11.656965973529525,6.545454545454545,0.07109436604956039,0.25640760530903284,14.07,0.63,0.38,7.1,25.6
Downpatrick,3:43,Miss Lia,Simon Torrens,P J Rothwell,0.07392857142857143,23.0,6.0,22.0,,10,2P2-06,25.0,Active,Good,2m5f180y,0.0,0.04,0.4600000000000001,0.7392857142857142,4.0,9.868258421624908,6.0,0.06516983554543036,0.2433736381999468,15.34,0.63,0.41,6.5,24.3
Downpatrick,3:43,Steps In The Sand,Mr J Costello(7),Ciaran Murphy,0.1,25.0,7.0,22.0,,10,88-434,27.083333333333332,Active,Good,2m5f180y,0.0,0.036923076923076927,0.515,1.0,3.6923076923076925,12.466096552868633,5.538461538461538,0.06015677127270495,0.2323448967999509,16.62,0.63,0.44,6.0,23.2
Downpatrick,4:18,G N Jefferson,Shane Fitzsimons(7),John C McConnell,0.05970588235294118,29.0,5.0,22.0,,7,43-096,4.166666666666667,Active,Good,2m5f180y,0.0,0.24,0.48500000000000004,0.8076157999431657,24.0,13.829179725336724,16.880425807735705,0.18843172500201555,0.5145497950044342,5.31,-0.21,-0.16,18.8,51.5
Downpatrick,4:18,I Can Find Em,Mr O McGill(5),Gary McGill,0.0,5.0,5.0,22.0,,7,422-0,6.25,Active,Good,2m5f180y,0.0,0.16,0.615,0.0,16.0,6.579639156086467,9.405747409260526,0.10499386860537595,0.33098651093182707,9.52,-0.34,-0.32,10.5,33.1
Downpatrick,4:18,Lygon Lad,Jack Kennedy,Gordon Elliott,0.03607843137254902,46.0,6.0,22.0,,7,20047/,8.333333333333334,Active,Good,2m5f180y,0.0,0.12,0.47000000000000003,0.4880174291938998,12.0,10.24944551111785,10.774611857782494,0.12027414010248022,0.3646031082254565,8.31,0.0,-0.1,12.0,36.5
Downpatrick,4:18,Paymelater,Ricky Doyle,S Michael Millar,0.0,1.0,7.0,22.0,,7,646-70,10.416666666666666,Active,Good,2m5f180y,0.0,0.096,0.47000000000000003,0.0,9.6,5.028342119285592,6.399839483499914,0.07143971410124385,0.25716737102273646,14.0,-0.26,-0.26,7.1,25.7
Downpatrick,4:18,That's It Paddy,Conor Stone-Walsh,Ian Patrick Donoghue,0.061875,11.0,5.0,22.0,,7,4P-6,12.5,Active,Good,2m5f180y,0.0,0.08,0.2666666666666667,0.8369565217391305,8.0,11.80722332357687,10.665056326503809,0.11905120070643165,0.3619126415541496,8.4,0.49,0.19,11.9,36.2
Downpatrick,4:18,Young Doran,Tiernan Power Roche,P J Rothwell,0.07392857142857143,23.0,5.0,22.0,,7,2,14.583333333333336,Active,Good,2m5f180y,0.0,0.06857142857142856,0.75,1.0,6.857142857142856,18.722550444148485,15.162928168046795,0.16925975347596775,0.47237145764712907,5.91,1.47,0.76,16.9,47.2
Downpatrick,4:18,Magical Sal,J J Slevin,C A McBratney,0.0,0.0,6.0,22.0,,7,P-57P2,16.666666666666668,Active,Good,2m5f180y,0.0,0.06,0.44000000000000006,0.0,6.0,4.70738411167162,5.095168878170133,0.05687602148342766,0.22512724726354086,17.58,-0.05,-0.07,5.7,22.5
Downpatrick,4:18,Thesilverbridle,Michael Kenneally(5),John C McConnell,0.05970588235294118,29.0,5.0,22.0,,7,F71-2,18.75,Active,Good,2m5f180y,0.0,0.05333333333333334,0.7000000000000001,0.8076157999431657,5.333333333333334,16.129378779903536,8.0,0.0893018823805565,0.2964641412372243,11.2,0.67,0.35,8.9,29.6
Downpatrick,4:18,Oops A Daisy,Josh Younge(7),John Joseph Hanlon,0.052500000000000005,15.0,4.0,22.0,,7,007,20.833333333333332,Active,Good,2m5f180y,0.0,0.048,0.5,0.7101449275362319,4.8,12.946856828872862,7.199999999999999,0.08037169414250085,0.2768177271135019,12.44,0.67,0.37,8.0,27.7
Downpatrick,4:53,Ocean Of Dreams,Mr O McGill(5),Gary McGill,0.0,5.0,5.0,22.0,,10,90068-,4.166666666666667,Active,Good,2m5f180y,0.0,0.24,0.47000000000000003,0.0,24.0,4.0214973611757765,10.015048152823043,0.10487793275958371,0.3307314520710842,9.53,-0.56,-0.46,10.5,33.1
Downpatrick,4:53,Georgia Celena,Patrick M O'Brien(5),John C McConnell,0.05970588235294118,29.0,8.0,22.0,,10,20-3U2,6.25,Active,Good,2m5f180y,0.0,0.16,0.5,0.8076157999431657,16.0,11.188454231708922,12.631917962196244,0.1322818844650645,0.39102014582314193,7.56,-0.17,-0.2,13.2,39.1
Downpatrick,4:53,Speakasyoufind,Mr R Sugrue(7),P J Rothwell,0.07392857142857143,23.0,5.0,22.0,,10,0P-926,8.333333333333334,Active,Good,2m5f180y,0.0,0.12,0.485,1.0,12.0,12.706220385842611,12.494354270089827,0.1308413126943906,0.3878508879276593,7.64,0.09,-0.04,13.1,38.8
Downpatrick,4:53,My Good Pal,Mr B M Coonan(7),Gavin Cromwell,0.025588235294117644,29.0,7.0,22.0,,10,5-2U85,10.416666666666666,Active,Good,2m5f180y,0.0,0.096,0.385,0.34612105711849955,9.6,6.2557476636214675,7.259023364535027,0.07601674527259793,0.26723683959971545,13.15,-0.21,-0.23,7.6,26.7
Downpatrick,4:53,Sneddy Eddie,Jack Kennedy,Gordon Elliott,0.03607843137254902,46.0,6.0,22.0,,10,0-0554,12.5,Active,Good,2m5f180y,0.0,0.08,0.41000000000000003,0.4880174291938998,8.0,7.683776003815155,7.778643202670608,0.08145822229926282,0.27920808905837824,12.28,0.02,-0.08,8.1,27.9
Downpatrick,4:53,Hay Baby,Donagh Meyler,Emmet Mullins,0.07392857142857143,23.0,7.0,22.0,,10,456-00,14.583333333333336,Active,Good,2m5f180y,0.0,0.06857142857142856,0.47000000000000003,1.0,6.857142857142856,12.577874725379557,10.861655164908546,0.11374363085033799,0.3502359878707436,8.79,0.66,0.3,11.4,35.0
Downpatrick,4:53,Ballinagaine Girl,Danny Mullins,John Joseph Hanlon,0.052500000000000005,15.0,6.0,22.0,,10,700-20,16.666666666666668,Active,Good,2m5f180y,0.0,0.06,0.575,0.7101449275362319,6.0,10.99618496769232,9.0,0.09424831318161823,0.3073462889995602,10.61,0.57,0.27,9.4,30.7
Downpatrick,4:53,Bob The Builder,Eoin Staples(5),P J Rothwell,0.07392857142857143,23.0,9.0,22.0,,10,57-550,18.75,Active,Good,2m5f180y,0.0,0.05333333333333334,0.45,1.0,5.333333333333334,12.40674717809548,8.0,0.08377627838366065,0.28430781244405345,11.94,0.57,0.29,8.4,28.4
Downpatrick,4:53,Something Simple,Darragh O'Keeffe,John Joseph Hanlon,0.052500000000000005,15.0,6.0,22.0,,10,PP-04P,20.833333333333332,Active,Good,2m5f180y,0.0,0.048,0.22,0.7101449275362319,4.8,7.95867100339998,7.011069702379986,0.07342016589422933,0.2615243649673045,13.62,0.53,0.3,7.3,26.2
Downpatrick,4:53,Sonna Lady,Conor Stone-Walsh,John Joseph Hanlon,0.052500000000000005,15.0,4.0,22.0,,10,970,22.916666666666668,Active,Good,2m5f180y,0.0,0.04363636363636363,0.5,0.7101449275362319,4.363636363636363,10.354456665377038,6.545454545454545,0.06854422776844962,0.2507973010905892,14.59,0.57,0.35,6.9,25.1
Downpatrick,4:53,Sineads Fancy,Daniel King,S Ryan,0.0,1.0,9.0,22.0,,10,3P-797,25.0,Active,Good,2m5f180y,0.0,0.04,0.45,0.0,4.0,3.8503698138917004,3.8952588697241897,0.04079128643080463,0.1897408301477702,24.52,0.02,0.1,4.1,19.0
Downpatrick,5:28,Greenmeansgo,Mr B M Coonan(7),John G Carr,0.0,2.0,7.0,19.0,,6,,4.166666666666667,Active,Good,2m2f185y,0.0,0.24,0.5,0.0,24.0,11.781995759903182,15.447397031932226,0.1662133841975,0.46566944523450005,6.02,-0.31,-0.17,16.6,46.6
Downpatrick,5:28,Martymill,Miss A B O'Connor,Anthony McCann,0.0,5.0,5.0,19.0,,6,46-626,6.25,Active,Good,2m2f185y,0.0,0.16,0.505,0.0,16.0,11.899815717502216,13.129871002251551,0.14127689531443813,0.41080916969176395,7.08,-0.12,-0.05,14.1,41.1
Downpatrick,5:28,Tommy's Ticket,Mr J Dunne(7),Chris Timmons,0.0,1.0,5.0,19.0,,6,63,8.333333333333334,Active,Good,2m2f185y,0.0,0.12,0.6000000000000001,0.0,12.0,14.138394911883822,13.496876438318674,0.1452258593645947,0.4194968906021084,6.89,0.21,0.19,14.5,41.9
Downpatrick,5:28,Vargas,Mr H C Swan,Gordon Elliott,0.03607843137254902,46.0,5.0,19.0,,6,P/P-,10.416666666666666,Active,Good,2m2f185y,0.0,0.096,0.0,0.138763197586727,9.6,3.26981481119485,5.168870367836394,0.055616841759184035,0.22235705187020488,17.98,-0.42,-0.25,5.6,22.2
Downpatrick,5:28,Culldoo,Mr P W Mullins,W P Mullins,0.26,65.0,4.0,19.0,,6,3,12.5,Active,Good,2m2f185y,0.0,0.08,0.75,1.0,8.0,41.236985159661145,31.2658896117628,0.3364197418875117,0.8401234321525258,2.97,3.21,2.26,33.6,84.0
Downpatrick,5:28,Loves A Laugh,Miss H Ross(7),S R B Crawford,0.0,0.0,4.0,19.0,,6,3,14.583333333333336,Active,Good,2m2f185y,0.0,0.06857142857142856,0.75,0.0,6.857142857142856,17.672993639854777,14.428238405041201,0.15524727747677142,0.44154401044889713,6.44,1.26,0.94,15.5,44.2
Le Lion-D'Angers,3:57,Palais Byzantin,Sebastiano Deriu,Christopher Head,0.18,6.0,2.0,7.0,,11,23,4.166666666666667,Active,Good To Soft,6f211y,0.0,0.24,0.75,1.0,24.0,19.152,20.6064,0.2200800219972832,0.584176048394023,4.54,-0.08,-0.05,22.0,58.4
Le Lion-D'Angers,3:57,Vatanez,Jerome Moutard,P Groualle,0.0,5.0,2.0,7.0,,11,0,6.25,Active,Good To Soft,6f211y,0.0,0.16,0.5,0.0,16.0,5.472,8.6304,0.09217420907316916,0.30278325996097216,10.85,-0.42,-0.38,9.2,30.3
Le Lion-D'Angers,3:57,Karakoum,Ioritz Mendizabal,J-M Beguigne,0.0,5.0,2.0,7.0,,11,2,8.333333333333334,Active,Good To Soft,6f211y,0.0,0.12,0.75,0.0,12.0,8.208000000000002,9.345600000000001,0.09981267245020042,0.319587879390441,10.02,-0.17,-0.21,10.0,32.0
Le Lion-D'Angers,3:57,One Shot,Hugo Lebouc,Q Moulin,0.0,0.0,2.0,7.0,,11,0,10.416666666666666,Active,Good To Soft,6f211y,0.0,0.096,0.5,0.0,9.6,5.472,6.7104,0.07166826712140738,0.25767018766709626,13.95,-0.25,-0.26,7.2,25.8
Le Lion-D'Angers,3:57,Iloveyoumiamor,Hugo Journiac,Mme Victoria Head,0.0,4.0,2.0,7.0,,11,0,12.5,Active,Good To Soft,6f211y,0.0,0.08,0.5,0.0,8.0,5.472,6.2303999999999995,0.06654178163346694,0.24639191959362727,15.03,-0.17,-0.19,6.7,24.6
Le Lion-D'Angers,3:57,Goldy Glory,Martin Protti,H-A Pantall,0.1,25.0,2.0,7.0,,11,012,14.583333333333336,Active,Good To Soft,6f211y,0.0,0.06857142857142856,0.7777777777777778,0.5555555555555556,6.857142857142856,14.591999999999999,12.271542857142855,0.1310622632745459,0.388336979204001,7.63,0.91,0.44,13.1,38.8
Le Lion-D'Angers,3:57,Santo Nak,Pierre Le Digabel,Pierre-Etienne Dubois,0.0,4.0,2.0,7.0,,11,,16.666666666666668,Active,Good To Soft,6f211y,0.0,0.06,0.5,0.0,6.0,5.472,5.6304,0.06013367477354139,0.23229408450179106,16.63,0.0,-0.04,6.0,23.2
Le Lion-D'Angers,3:57,Peluquero,Antoine Subias,E Libaud,0.0,2.0,2.0,7.0,,11,,18.75,Active,Good To Soft,6f211y,0.0,0.05333333333333334,0.5,0.0,5.333333333333334,5.472,5.430400000000001,0.05799763915356621,0.2275948061378457,17.24,0.09,0.04,5.8,22.8
Le Lion-D'Angers,3:57,Brae Roy,Leo Roussel,Edouard Monfort,0.15473684210526314,14.0,2.0,7.0,,11,,20.833333333333332,Active,Good To Soft,6f211y,0.0,0.048,0.5,0.8596491228070176,4.8,14.88,7.199999999999999,0.07689728231910663,0.2691740211020346,13.0,0.6,0.34,7.7,26.9
Le Lion-D'Angers,3:57,Roccapina,Christopher Grosbois,H-F Devin,0.08,8.0,2.0,7.0,,11,,22.916666666666668,Active,Good To Soft,6f211y,0.0,0.04363636363636363,0.5,0.4444444444444445,4.363636363636363,10.336,6.545454545454545,0.06990662029009694,0.25379456463821326,14.3,0.6,0.37,7.0,25.4
Le Lion-D'Angers,3:57,Airlie Beach,Pierre Remoue,Pierre-Etienne Dubois,0.0,4.0,2.0,7.0,,11,,25.0,Active,Good To Soft,6f211y,0.0,0.04,0.5,0.0,4.0,5.472,5.0304,0.05372556791361584,0.21819624940995486,18.61,0.34,0.27,5.4,21.8
Le Lion-D'Angers,4:32,Sydney Moon,Ebbe Verhestraeten,Amy Murphy,0.0,0.0,2.0,7.0,Class 2,6,231,4.166666666666667,Active,Good To Soft,6f211y,0.0,0.24,0.8611111111111112,0.5,24.0,19.221716616977876,20.65520163188451,0.22224915676216114,0.5889481448767545,4.5,-0.07,0.06,22.2,58.9
Le Lion-D'Angers,4:32,La Carmen,Soufiane Saadi,H-A Pantall,0.0,0.0,2.0,7.0,Class 2,6,1,6.25,Active,Good To Soft,6f211y,0.0,0.16,1.0,0.5,16.0,21.18311627177154,19.628181390240076,0.21119845937604606,0.5646366106273014,4.73,0.32,0.31,21.1,56.5
Le Lion-D'Angers,4:32,Timide,Hugo Lebouc,Christopher Head,0.0,0.0,2.0,7.0,Class 2,6,,8.333333333333334,Active,Good To Soft,6f211y,0.0,0.12,0.5,0.5,12.0,14.122077514514359,13.48545426016005,0.14510295717707875,0.4192265057895733,6.89,0.21,0.19,14.5,41.9
Le Lion-D'Angers,4:32,Histori Chope,Christopher Grosbois,L Gadbin,0.0,0.0,2.0,7.0,Class 2,6,2,10.416666666666666,Active,Good To Soft,6f211y,0.0,0.096,0.75,0.5,9.6,17.652596893142945,15.23681782520006,0.16394756021950382,0.4606846324829085,6.1,0.71,0.55,16.4,46.1
Le Lion-D'Angers,4:32,Angel Breizh,Antoine Subias,L Edon,0.0,0.0,2.0,7.0,Class 2,6,9752,12.5,Active,Good To Soft,6f211y,0.0,0.08,0.5700000000000001,0.5,8.0,15.110622940530364,12.977436058371255,0.13963670131670988,0.4072007428967618,7.16,0.75,0.58,14.0,40.7
Le Lion-D'Angers,4:32,Slipper Orchid,Ioritz Mendizabal,Francois Monfort,0.0,0.0,2.0,7.0,Class 2,6,6,14.583333333333336,Active,Good To Soft,6f211y,0.0,0.06857142857142856,0.4,0.5,6.857142857142856,12.709869763062922,10.954051691286901,0.11786516514850022,0.35930336332670054,8.48,0.72,0.58,11.8,35.9
Le Lion-D'Angers,5:07,Ciccio Boy,Julia LaCroix,Maximilien Justum,0.0,7.0,8.0,10.0,Class 3,12,140205,4.166666666666667,Active,Good To Soft,1m1f207y,0.0,0.24,0.51,0.0,24.0,4.27028170803124,10.189197195621867,0.10992667747892401,0.34183869045363285,9.1,-0.54,-0.44,11.0,34.2
Le Lion-D'Angers,5:07,Almaguer,Angelo Zuliani,E D'Andigne,0.1111111111111111,4.0,5.0,10.0,Class 3,12,948-51,6.25,Active,Good To Soft,1m1f207y,0.0,0.16,0.66,0.5237560793116348,16.0,9.911709671088726,11.738196769762109,0.12663813897411128,0.3786039057430448,7.9,-0.21,-0.22,12.7,37.9
Le Lion-D'Angers,5:07,Out Of Africa,Martin Protti,J Boisnard,0.0,9.0,4.0,10.0,Class 3,12,-21314,8.333333333333334,Active,Good To Soft,1m1f207y,0.0,0.12,0.7100000000000001,0.0,12.0,5.944901985690549,7.761431389983384,0.08373460134308731,0.28421612295479215,11.94,-0.3,-0.3,8.4,28.4
Le Lion-D'Angers,5:07,Ker Welen,Arnaud Bourgeais,N Leenders,0.1111111111111111,4.0,8.0,10.0,Class 3,12,-58560,10.416666666666666,Active,Good To Soft,1m1f207y,0.0,0.096,0.45,0.5237560793116348,9.6,8.153358379546452,8.587350865682517,0.09264507604346428,0.3038191672956214,10.79,-0.03,-0.12,9.3,30.4
Le Lion-D'Angers,5:07,Get Set,Timothe Brebion,L Gadbin,0.21214285714285716,9.0,9.0,10.0,Class 3,12,-22561,12.5,Active,Good To Soft,1m1f207y,0.0,0.08,0.675,1.0,8.0,14.024944825396718,12.217461377777703,0.13180870982291482,0.3899791616104126,7.59,0.65,0.29,13.2,39.0
Le Lion-D'Angers,5:07,Geopolitical,Rosario Mangione,Mario Baratti,0.0,13.0,4.0,10.0,Class 3,12,-31700,14.583333333333336,Active,Good To Soft,1m1f207y,0.0,0.06857142857142856,0.55,0.0,6.857142857142856,4.605205763563101,5.280786891637027,0.056972040713997,0.22533848957079342,17.55,-0.17,-0.16,5.7,22.5
Le Lion-D'Angers,5:07,Guardian,Axel Baron,A Baron,0.14142857142857143,9.0,5.0,10.0,Class 3,12,268P-P,16.666666666666668,Active,Good To Soft,1m1f207y,0.0,0.06,0.14,0.6666666666666666,6.0,6.754301786559215,6.52801125059145,0.07042778479455633,0.2549411265480239,14.2,0.17,0.05,7.0,25.5
Le Lion-D'Angers,5:07,Highbari,Hugo Journiac,M Brasme,0.12000000000000002,12.0,9.0,10.0,Class 3,12,6-5354,18.75,Active,Good To Soft,1m1f207y,0.0,0.05333333333333334,0.4700000000000001,0.5656565656565657,5.333333333333334,8.671657427697426,7.670160199388198,0.08274991741372087,0.28204981831018594,12.08,0.55,0.28,8.3,28.2
Le Lion-D'Angers,5:07,Artistic Man,Hugo Lebouc,Fabien Jolivet,0.0,1.0,4.0,10.0,Class 3,12,12260-,20.833333333333332,Active,Good To Soft,1m1f207y,0.0,0.048,0.545,0.0,4.8,4.563340256621619,4.634338179635133,0.04999779556920461,0.20999515025225016,20.0,0.04,0.04,5.0,21.0
Le Lion-D'Angers,5:07,Keanu,Christopher Grosbois,Kevin Plisson,0.16916666666666666,7.0,4.0,10.0,Class 3,12,651400,22.916666666666668,Active,Good To Soft,1m1f207y,0.0,0.04363636363636363,0.53,0.797418630751964,4.363636363636363,11.114610779999973,6.545454545454545,0.07061597267744558,0.2553551398903803,14.16,0.62,0.37,7.1,25.5
Le Lion-D'Angers,5:07,Bejar,Yoann Rousset,Kevin Plisson,0.16916666666666666,7.0,5.0,10.0,Class 3,12,829221,25.0,Active,Good To Soft,1m1f207y,0.0,0.04,0.825,0.797418630751964,4.0,13.584675689547451,6.0,0.06473130828765845,0.24240887823284862,15.45,0.62,0.41,6.5,24.2
Le Lion-D'Angers,5:07,Miss Theria,Pierre Remoue,N Paysan,0.07071428571428572,9.0,4.0,10.0,Class 3,12,834401,27.083333333333332,Active,Good To Soft,1m1f207y,0.0,0.036923076923076927,0.67,0.3333333333333333,3.6923076923076925,8.401011726257535,5.538461538461538,0.05975197688091549,0.2314543491380141,16.74,0.62,0.44,6.0,23.1
Le Lion-D'Angers,5:42,Encore Ridge,Timothe Brebion,L Gadbin,0.0,0.0,3.0,10.0,Class 3,7,4-5108,4.166666666666667,Active,Good To Soft,1m1f207y,0.0,0.24,0.5900000000000001,0.5,24.0,13.16425120772947,16.414975845410627,0.17717476958817982,0.48978449309399563,5.64,-0.26,-0.2,17.7,49.0
Le Lion-D'Angers,5:42,Black Thunder,Martin Protti,H-A Pantall,0.0,0.0,3.0,10.0,Class 3,7,473063,6.25,Active,Good To Soft,1m1f207y,0.0,0.16,0.5950000000000001,0.5,16.0,13.22463768115942,14.057246376811595,0.15172665566560672,0.43379864246433486,6.59,-0.05,-0.11,15.2,43.4
Le Lion-D'Angers,5:42,Roberto Pesto,Pierre Remoue,Pierre Menard,0.0,0.0,3.0,10.0,Class 3,7,9-4909,8.333333333333334,Active,Good To Soft,1m1f207y,0.0,0.12,0.49000000000000005,0.5,12.0,11.956521739130434,11.969565217391303,0.12919330369011245,0.3842252681182474,7.74,0.08,-0.05,12.9,38.4
Le Lion-D'Angers,5:42,Saint Monchik,Hugo Lebouc,Mme A Wattel,0.0,0.0,3.0,10.0,Class 3,7,82444,10.416666666666666,Active,Good To Soft,1m1f207y,0.0,0.096,0.43500000000000005,0.5,9.6,11.292270531400966,10.784589371980676,0.11640328655238485,0.3560872304152467,8.59,0.21,0.03,11.6,35.6
Le Lion-D'Angers,5:42,Warholm,Jerome Moutard,P & J Brandt,0.0,0.0,3.0,10.0,Class 3,7,51-768,12.5,Active,Good To Soft,1m1f207y,0.0,0.08,0.52,0.5,8.0,12.318840579710145,11.0231884057971,0.11897860126734415,0.3617529227881572,8.4,0.49,0.19,11.9,36.2
Le Lion-D'Angers,5:42,Rue Recamier,Christopher Grosbois,L Gadbin,0.0,0.0,3.0,10.0,Class 3,7,21-420,14.583333333333336,Active,Good To Soft,1m1f207y,0.0,0.06857142857142856,0.605,0.5,6.857142857142856,13.345410628019321,11.398930296756381,0.12303416513672079,0.37067516330078576,8.13,0.79,0.38,12.3,37.1
Le Lion-D'Angers,5:42,Nissakia,Pierre Le Digabel,P Groualle,0.0,0.0,3.0,10.0,Class 3,7,37-744,16.666666666666668,Active,Good To Soft,1m1f207y,0.0,0.06,0.43000000000000005,0.5,6.0,11.231884057971016,9.0,0.09714135075863888,0.3137109716690055,10.29,0.62,0.3,9.7,31.4
Le Lion-D'Angers,5:42,Marakana,Hugo Journiac,Mme Victoria Head,0.0,0.0,3.0,10.0,Class 3,7,4320,18.75,Active,Good To Soft,1m1f207y,0.0,0.05333333333333334,0.615,0.5,5.333333333333334,13.466183574879226,8.0,0.08634786734101232,0.28996530815022714,11.58,0.62,0.32,8.6,29.0
Le Lion-D'Angers,6:14,Perfect Man,Leo Roussel,Jean Dubois,0.0,0.0,3.0,12.0,,11,35,4.166666666666667,Active,Good To Soft,1m3f204y,0.0,0.24,0.55,0.5,24.0,8.60655737704918,13.224590163934426,0.13405844666028502,0.3949285826526271,7.46,-0.44,-0.35,13.4,39.5
Le Lion-D'Angers,6:14,Grand Palais,Christopher Grosbois,L Gadbin,0.0,0.0,3.0,12.0,,11,7,6.25,Active,Good To Soft,1m3f204y,0.0,0.16,0.5,0.5,16.0,8.19672131147541,10.537704918032786,0.10682133322577315,0.33500693309670093,9.36,-0.33,-0.31,10.7,33.5
Le Lion-D'Angers,6:14,Qerdie Des Roses,Soufiane Saadi,N Leenders,0.0,0.0,3.0,12.0,,11,99,8.333333333333334,Active,Good To Soft,1m3f204y,0.0,0.12,0.5,0.5,12.0,8.19672131147541,9.337704918032784,0.0946568627962047,0.30824509815165035,10.56,-0.21,-0.24,9.5,30.8
Le Lion-D'Angers,6:14,Ummagumma,Arthur Vilchien,S Wattel,0.0,0.0,3.0,12.0,,11,2,10.416666666666666,Active,Good To Soft,1m3f204y,0.0,0.096,0.75,0.5,9.6,10.245901639344261,10.052131147540983,0.1018990434153385,0.3241778955137447,9.81,0.06,-0.07,10.2,32.4
Le Lion-D'Angers,6:14,Malena,Maximilien Justum,Maximilien Justum,0.0,0.0,3.0,12.0,,11,246554,12.5,Active,Good To Soft,1m3f204y,0.0,0.08,0.4,0.5,8.0,7.377049180327869,7.563934426229508,0.07667604721588635,0.26868730387495,13.04,-0.04,-0.11,7.7,26.9
Le Lion-D'Angers,6:14,My Sister Love,Antoine Subias,N Paysan,0.0,0.0,3.0,12.0,,11,80,14.583333333333336,Active,Good To Soft,1m3f204y,0.0,0.06857142857142856,0.5,0.5,6.857142857142856,8.19672131147541,7.794847775175642,0.07901682938675955,0.273837024650871,12.66,0.15,0.02,7.9,27.4
Le Lion-D'Angers,6:14,Galie,Yoann Rousset,S Parades,0.0,0.0,3.0,12.0,,11,07,16.666666666666668,Active,Good To Soft,1m3f204y,0.0,0.06,0.5,0.5,6.0,8.19672131147541,7.5377049180327855,0.07641015715185204,0.2681023457340745,13.09,0.27,0.11,7.6,26.8
Le Lion-D'Angers,6:14,Master Emery,O Andigne,J Planque,0.0,0.0,3.0,12.0,,11,,18.75,Active,Good To Soft,1m3f204y,0.0,0.05333333333333334,0.5,0.5,5.333333333333334,8.19672131147541,7.337704918032786,0.07438274541359065,0.26364203990989943,13.44,0.39,0.2,7.4,26.4
Le Lion-D'Angers,6:14,Majeste'blan,Pierre Remoue,Jerome Zuliani,0.0,0.0,3.0,12.0,,11,,20.833333333333332,Active,Good To Soft,1m3f204y,0.0,0.048,0.5,0.5,4.8,8.19672131147541,7.177704918032786,0.07276081602298151,0.26007379525055935,13.74,0.52,0.29,7.3,26.0
Le Lion-D'Angers,6:14,Pastille Bam's,Pierre Le Digabel,E Lecoiffier,0.0,0.0,3.0,12.0,,11,,22.916666666666668,Active,Good To Soft,1m3f204y,0.0,0.04363636363636363,0.5,0.5,4.363636363636363,8.19672131147541,6.545454545454545,0.06635165688855514,0.24597364515482134,15.07,0.52,0.32,6.6,24.6
Le Lion-D'Angers,6:14,Lacra,Hugo Lebouc,N Leenders,0.0,0.0,3.0,12.0,,11,,25.0,Active,Good To Soft,1m3f204y,0.0,0.04,0.5,0.5,4.0,8.19672131147541,6.0,0.06082235214784222,0.2338091747252529,16.44,0.52,0.36,6.1,23.4
Le Lion-D'Angers,6:14,Honeybliss,Luca Carboni,Xavier Blanchet,0.0,0.0,3.0,12.0,,11,,27.083333333333332,Active,Good To Soft,1m3f204y,0.0,0.036923076923076927,0.5,0.5,3.6923076923076925,8.19672131147541,5.538461538461538,0.05614370967493128,0.22351616128484883,17.81,0.52,0.39,5.6,22.4
Le Lion-D'Angers,6:46,Marigold Sacree,Leo Roussel,Mme Celine Lequien,0.0,2.0,4.0,12.0,,10,50-P61,4.166666666666667,Active,Good To Soft,1m3f204y,0.0,0.24,0.5700000000000001,0.0,24.0,6.390742388625258,11.67351967203768,0.12114130968862366,0.3665108813149721,8.25,-0.5,-0.4,12.1,36.7
Le Lion-D'Angers,6:46,Madone Cauvelliere,Christopher Raimbault,Adrien Fouassier,0.04000000000000001,20.0,4.0,12.0,,10,3-01,6.25,Active,Good To Soft,1m3f204y,0.0,0.16,0.7777777777777779,0.2154882154882155,16.0,11.136328221657811,12.595429755160467,0.13070838097665685,0.3875584381486451,7.65,-0.18,-0.21,13.1,38.8
Le Lion-D'Angers,6:46,Mahauri Sea,Axel Baron,Gabriel Leenders,0.16611111111111113,13.0,4.0,12.0,,10,4-1644,8.333333333333334,Active,Good To Soft,1m3f204y,0.0,0.12,0.4600000000000001,0.8948746726524505,12.0,15.19062281016629,14.233435967116403,0.14770670053830165,0.4249547411842637,6.77,0.23,0.05,14.8,42.5
Le Lion-D'Angers,6:46,Mandeline,Hugo Lebouc,Erwan Grall,0.185625,11.0,4.0,12.0,,10,623,10.416666666666666,Active,Good To Soft,1m3f204y,0.0,0.096,0.6722222222222223,1.0,9.6,18.74866919080119,16.004068433560832,0.1660813417766313,0.4653789519085889,6.02,0.73,0.34,16.6,46.5
Le Lion-D'Angers,6:46,Molaine,L Suisse,A Le Clerc,0.0,5.0,4.0,12.0,,10,747334,12.5,Active,Good To Soft,1m3f204y,0.0,0.08,0.585,0.0,8.0,6.558919819904868,6.991243873933406,0.07255124958323933,0.25961274908312654,13.78,-0.09,-0.14,7.3,26.0
Le Lion-D'Angers,6:46,Mention Extra,Thomas Blanchouin,Mme Sophie Geffriaud,0.0,4.0,4.0,12.0,,10,65-86,14.583333333333336,Active,Good To Soft,1m3f204y,0.0,0.06857142857142856,0.43000000000000005,0.0,6.857142857142856,4.821086363348879,5.431903311487072,0.05636927848177029,0.22401241265989466,17.74,-0.18,-0.17,5.6,22.4
Le Lion-D'Angers,6:46,Milia,O Andigne,Alain Couetil,0.08166666666666668,7.0,4.0,12.0,,10,02,16.666666666666668,Active,Good To Soft,1m3f204y,0.0,0.06,0.6428571428571429,0.43995510662177334,6.0,12.140305511697504,9.0,0.09339700602974182,0.30547341326543204,10.71,0.56,0.26,9.3,30.5
Le Lion-D'Angers,6:46,Magique Fly,Yoann Rousset,Adrien Fouassier,0.04000000000000001,20.0,4.0,12.0,,10,-93220,18.75,Active,Good To Soft,1m3f204y,0.0,0.05333333333333334,0.65,0.2154882154882155,5.333333333333334,9.703705658905559,8.0,0.08301956091532607,0.2826430340137174,12.05,0.56,0.29,8.3,28.3
Le Lion-D'Angers,6:46,Meleagrine,Arnaud Bourgeais,Adrien Fouassier,0.04000000000000001,20.0,4.0,12.0,,10,-22227,20.833333333333332,Active,Good To Soft,1m3f204y,0.0,0.048,0.65,0.2154882154882155,4.8,9.703705658905559,7.199999999999999,0.07471760482379346,0.2643787306123456,13.38,0.56,0.31,7.5,26.4
Le Lion-D'Angers,6:46,Missquick,Antoine Subias,Mlle D Wunderlich,0.0,0.0,4.0,12.0,,10,,22.916666666666668,Active,Good To Soft,1m3f204y,0.0,0.04363636363636363,0.5,0.0,4.363636363636363,5.6059143759870675,5.233230972281856,0.05430756718591557,0.21947664780901427,18.41,0.24,0.18,5.4,21.9
Le Lion-D'Angers,7:18,Never Come Back,Mr Paul Lotout,C Lotoux,0.0,8.0,10.0,12.0,Class 4,9,-12134,4.166666666666667,Active,Good To Soft,1m3f204y,0.0,0.24,0.66,0.0,24.0,8.803142265490859,13.3621995858436,0.15766124551198282,0.4468547401263623,6.34,-0.34,-0.27,15.8,44.7
Le Lion-D'Angers,7:18,Nick Boutique,Mr Niccolo Guarnieri,Maurizio Guarnieri,0.09272727272727273,6.0,4.0,12.0,Class 4,9,406022,6.25,Active,Good To Soft,1m3f204y,0.0,0.16,0.665,0.5992578849721707,16.0,16.862790941937266,16.603953659356087,0.19591086014990514,0.5310038923297914,5.1,0.22,0.09,19.6,53.1
Le Lion-D'Angers,7:18,Timballina,Mr Florent Guy,Thibault Speicher,0.0,4.0,6.0,12.0,Class 4,9,409262,8.333333333333334,Active,Good To Soft,1m3f204y,0.0,0.12,0.6200000000000001,0.0,12.0,8.269618491824748,9.388732944277322,0.11077811854736609,0.34371186080420546,9.03,-0.08,-0.15,11.1,34.4
Le Lion-D'Angers,7:18,Sauviac,Jd Manceau,L Edon,0.0,3.0,5.0,12.0,Class 4,9,0-7079,10.416666666666666,Active,Good To Soft,1m3f204y,0.0,0.096,0.5,0.0,9.6,6.669047170826407,7.548333019578485,0.08906314995225666,0.2959389298949647,11.23,-0.07,-0.15,8.9,29.6
Le Lion-D'Angers,7:18,Bramante,Miss M Rollando,F Carnevali,0.0,3.0,7.0,12.0,Class 4,9,0-3000,12.5,Active,Good To Soft,1m3f204y,0.0,0.08,0.525,0.0,8.0,7.002499529367729,7.30174967055741,0.08615370097423315,0.28953814214331297,11.61,0.08,-0.04,8.6,29.0
Le Lion-D'Angers,7:18,Hamilton Desjy,Mme Camilla Macchieraldo,T Poche,0.0,14.0,7.0,12.0,Class 4,9,1-0088,14.583333333333336,Active,Good To Soft,1m3f204y,0.0,0.06857142857142856,0.5,0.0,6.857142857142856,6.669047170826407,6.725475876721342,0.07935421833603291,0.2745792803392724,12.6,0.16,0.02,7.9,27.5
Le Lion-D'Angers,7:18,Ame Divine,Mr Thomas Guineheux,N Leenders,0.1111111111111111,4.0,4.0,12.0,Class 4,9,160030,16.666666666666668,Active,Good To Soft,1m3f204y,0.0,0.06,0.575,0.7180650037792895,6.0,17.24702301029782,9.0,0.10619143955244718,0.3336211670153838,9.42,0.77,0.38,10.6,33.4
Le Lion-D'Angers,7:18,Dream Filly,Mme Astrid Peltier,J Boisnard,0.0,9.0,4.0,12.0,Class 4,9,995432,18.75,Active,Good To Soft,1m3f204y,0.0,0.05333333333333334,0.645,0.0,5.333333333333334,8.603070850366066,7.622149595256246,0.08993411533381816,0.29785505373439997,11.12,0.69,0.36,9.0,29.8
Le Lion-D'Angers,7:18,Rigel,Mr Thibault Marlin,Edouard Monfort,0.15473684210526314,14.0,4.0,12.0,Class 4,9,444070,20.833333333333332,Active,Good To Soft,1m3f204y,0.0,0.048,0.49000000000000005,1.0,4.8,19.8737605690627,7.199999999999999,0.08495315164195774,0.28689693361230706,11.77,0.77,0.42,8.5,28.7
Le Lion-D'Angers,7:50,Niamh Du Mou,Pierre Remoue,P Journiac,0.0,1.0,3.0,12.0,,8,43,4.166666666666667,Active,Good To Soft,1m3f204y,0.0,0.24,0.6000000000000001,0.0,24.0,12.529002320185617,15.970301624129931,0.17193854370382997,0.478264796148426,5.82,-0.28,-0.22,17.2,47.8
Le Lion-D'Angers,7:50,Nicotineduquartier,Yoann Rousset,D Bernier,0.0,0.0,3.0,12.0,,8,54,6.25,Active,Good To Soft,1m3f204y,0.0,0.16,0.4000000000000001,0.0,16.0,8.352668213457077,10.646867749419954,0.11462569580255332,0.3521765307656173,8.72,-0.28,-0.28,11.5,35.2
Le Lion-D'Angers,7:50,Nulle S'y Frotte,Yoann Barille,Mme A-S Pacault,0.0,1.0,3.0,12.0,,8,4,8.333333333333334,Active,Good To Soft,1m3f204y,0.0,0.12,0.4,0.0,12.0,8.352668213457077,9.446867749419955,0.10170632475367768,0.3237539144580909,9.83,-0.15,-0.2,10.2,32.4
Le Lion-D'Angers,7:50,Nikita Des Mottes,Arnaud Bourgeais,Armel Lotout,0.0,1.0,3.0,12.0,,8,5,10.416666666666666,Active,Good To Soft,1m3f204y,0.0,0.096,0.4,0.0,9.6,8.352668213457077,8.726867749419954,0.09395470212435228,0.30670034467357504,10.64,-0.02,-0.12,9.4,30.7
Le Lion-D'Angers,7:50,Namastam,Antoine Subias,T Poche,0.0,14.0,3.0,12.0,,8,966,12.5,Active,Good To Soft,1m3f204y,0.0,0.08,0.4222222222222223,0.0,8.0,8.816705336426915,8.57169373549884,0.09228407657186039,0.3030249684580929,10.84,0.15,-0.0,9.2,30.3
Le Lion-D'Angers,7:50,Nico Team,Anthony Bernard,Erwan Grall,0.185625,11.0,3.0,12.0,,8,6,14.583333333333336,Active,Good To Soft,1m3f204y,0.0,0.06857142857142856,0.4,1.0,6.857142857142856,29.23433874709977,22.521179980112695,0.2424662338513215,0.6334257144729073,4.12,2.54,1.35,24.2,63.3
Le Lion-D'Angers,7:50,Nayons Peur Derien,Clement Guitraud,Mme E Allaire,0.12375,3.0,3.0,12.0,,8,F,16.666666666666668,Active,Good To Soft,1m3f204y,0.0,0.06,0.0,0.6666666666666666,6.0,13.921113689095128,9.0,0.09689528286656736,0.3131696223064482,10.32,0.61,0.29,9.7,31.3
Le Lion-D'Angers,7:50,Noctalie Sacree,Rayan Poincot,Mme A-S Pacault,0.0,1.0,3.0,12.0,,8,,18.75,Active,Good To Soft,1m3f204y,0.0,0.05333333333333334,0.5,0.0,5.333333333333334,10.440835266821345,8.0,0.08612914032583764,0.2894841087168428,11.61,0.61,0.32,8.6,28.9
Leicester,2:24,Al Wathba,Connor Planas,Charlie Appleby,0.32035714285714284,23.0,2.0,7.0,Class 3,3,2,4.166666666666667,Active,Good To Firm,0m7f0y,0.0,0.24,0.75,1.0,24.0,57.884403957907956,47.719082770535564,0.557465920216537,0.85,1.79,1.32,0.74,55.7,85.0
Leicester,2:24,Ebt's Warrior,Lewis Edmunds,William Muir & Chris Grassick,0.12,20.0,2.0,7.0,Class 3,3,,6.25,Active,Good To Firm,0m7f0y,0.0,0.16,0.5,0.023266856600189883,16.0,17.307994345845763,16.915596042092034,0.1976121032954677,0.534746627250029,5.06,0.24,0.46,19.8,53.5
Leicester,2:24,Jimtrott,Charles Bishop,Eve Johnson Houghton,0.11522727272727273,39.0,2.0,7.0,Class 3,3,22,8.333333333333334,Active,Good To Firm,0m7f0y,0.0,0.12,0.75,0.0,12.0,24.80760169624627,20.96532118737239,0.2449219764879952,0.6388283482735895,4.08,1.04,1.18,24.5,63.9
Leicester,2:59,Love Rome,Cieren Fallon,Charlie Johnston,0.117,45.0,2.0,7.0,Class 5,6,32,4.166666666666667,Active,Good To Firm,0m7f0y,0.0,0.24,0.75,0.7043478260869565,24.0,19.804345706950343,21.063041994865237,0.22663750301902466,0.5986025066418543,4.41,-0.06,0.07,22.7,59.9
Leicester,2:59,Greek Symphony,Mason Paetel(5),Oliver Cole,0.16611111111111113,13.0,2.0,7.0,Class 5,6,321,6.25,Active,Good To Firm,0m7f0y,0.0,0.16,0.8611111111111112,1.0,16.0,25.34337878625683,22.54036515037978,0.2425334420386413,0.6335735724850109,4.12,0.52,0.47,24.3,63.4
Leicester,2:59,Bayside,Lewis Edmunds,Rod Millman,0.10833333333333332,13.0,2.0,7.0,Class 5,6,31603,8.333333333333334,Active,Good To Firm,0m7f0y,0.0,0.12,0.6300000000000001,0.6521739130434782,12.0,17.45979536316788,15.821856754217515,0.17024255607403255,0.47453362336287164,5.87,0.42,0.34,17.0,47.5
Leicester,2:59,Katie's Cavalier,Silvestre De Sousa,David Loughnane,0.0,12.0,2.0,7.0,Class 5,6,5664,10.416666666666666,Active,Good To Firm,0m7f0y,0.0,0.096,0.4,0.0,9.6,5.446935142120872,6.69285459948461,0.07201485212185237,0.25843267466807524,13.89,-0.25,-0.13,7.2,25.8
Leicester,2:59,Better Nature,Rob Hornby,Jonathan Portman,0.057777777777777775,13.0,2.0,7.0,Class 5,6,032,12.5,Active,Good To Firm,0m7f0y,0.0,0.08,0.6944444444444444,0.3478260869565217,8.0,14.192949962712294,12.335064973898605,0.13272481372554454,0.391994590196198,7.53,0.66,0.52,13.3,39.2
Leicester,2:59,Jazzy Bay,Oliver Carmichael(7),Eve Johnson Houghton,0.11522727272727273,39.0,2.0,7.0,Class 5,6,63334,14.583333333333336,Active,Good To Firm,0m7f0y,0.0,0.06857142857142856,0.6100000000000001,0.6936758893280632,6.857142857142856,17.75259503879177,14.483959384297096,0.15584683302090457,0.44286303264599014,6.42,1.27,0.95,15.6,44.3
Leicester,3:34,Robusto,Harry Vigors(5),Eve Johnson Houghton,0.11522727272727273,39.0,6.0,12.0,Class 5,6,301583,4.166666666666667,Active,Good To Firm,1m3f179y,0.0,0.24,0.6300000000000001,0.5761363636363637,24.0,19.023192020420602,20.51623441429442,0.22075387496935092,0.5856585249325721,4.53,-0.08,0.05,22.1,58.6
Leicester,3:34,Ottoman,Jack Callan,Oliver Greenall & Josh Guerriero,0.0,4.0,4.0,12.0,Class 5,6,832515,6.25,Active,Good To Firm,1m3f179y,0.0,0.16,0.615,0.0,16.0,9.699784738507281,11.589849316955096,0.12470632258159996,0.37435390967952,8.02,-0.22,-0.13,12.5,37.4
Leicester,3:34,Mountbatten,Dylan Hogan,Sir Mark Prescott Bt,0.2,25.0,3.0,12.0,Class 5,6,877-14,8.333333333333334,Active,Good To Firm,1m3f179y,0.0,0.12,0.6100000000000001,1.0,12.0,25.392932404872724,21.375052683410907,0.2299947257499329,0.6059883966498524,4.35,0.92,0.72,23.0,60.6
Leicester,3:34,Barak Warrior,Silvestre De Sousa,James Keane,0.0,2.0,3.0,12.0,Class 5,6,7781,10.416666666666666,Active,Good To Firm,1m3f179y,0.0,0.096,0.7000000000000001,0.0,9.6,11.040405393422922,10.608283775396046,0.11414471597972872,0.35111837515540323,8.76,0.19,0.18,11.4,35.1
Leicester,3:34,Al Maslool,Cieren Fallon,William Haggas,0.13684210526315788,52.0,3.0,12.0,Class 5,6,750231,12.5,Active,Good To Firm,1m3f179y,0.0,0.08,0.825,0.6842105263157894,8.0,23.803280049353557,19.062296034547487,0.20510955521678614,0.5512410214769295,4.88,1.56,1.14,20.5,55.1
Leicester,3:34,Sahm Naif,Ray Dawson,James Horton,0.0,8.0,3.0,12.0,Class 5,6,-74115,14.583333333333336,Active,Good To Firm,1m3f179y,0.0,0.06857142857142856,0.7000000000000001,0.0,6.857142857142856,11.040405393422922,9.785426632538902,0.10529080550260132,0.33163977210572293,9.5,0.54,0.46,10.5,33.2
Leicester,4:09,Cancelled,Kevin Stott,Jonjo & A.J. O'Neill,0.1111111111111111,4.0,5.0,8.0,Class 5,5,-43541,4.166666666666667,Active,Good To Firm,1m0f53y,0.0,0.24,0.675,0.22677666065137053,24.0,17.251919451066364,19.276343615746455,0.21210765422256225,0.566636839289637,4.71,-0.12,0.02,21.2,56.7
Leicester,4:09,Venetian Sky,Cieren Fallon,William Haggas,0.13684210526315788,52.0,3.0,8.0,Class 5,5,0-3445,6.25,Active,Good To Firm,1m0f53y,0.0,0.16,0.43500000000000005,0.5441852892091014,16.0,18.732826512611815,17.91297855882827,0.1971058380152759,0.533632843633607,5.07,0.23,0.23,19.7,53.4
Leicester,4:09,Spiritoftheblues,Mark Winn,David O'Meara,0.11916666666666667,55.0,3.0,8.0,Class 5,5,8-7232,8.333333333333334,Active,Good To Firm,1m0f53y,0.0,0.12,0.7250000000000001,0.3261472028873421,12.0,20.10953228965516,17.67667260275861,0.194505640435284,0.5279124089576248,5.14,0.62,0.5,19.5,52.8
Leicester,4:09,Kaori,Jack Callan,George Boughey,0.17379310344827587,24.0,3.0,8.0,Class 5,5,33-635,10.416666666666666,Active,Good To Firm,1m0f53y,0.0,0.096,0.54,1.0,9.6,29.46179149885257,23.503254049196798,0.25861855247795773,0.668960815451507,3.87,1.69,1.24,25.9,66.9
Leicester,4:09,Tamzan,Rob Hornby,Marcus Tregoning,0.09272727272727273,6.0,3.0,8.0,Class 5,5,-43413,12.5,Active,Good To Firm,1m0f53y,0.0,0.08,0.7550000000000001,0.0,8.0,14.443930247814082,12.510751173469858,0.1376623148489201,0.40285709266762426,7.26,0.72,0.56,13.8,40.3
Leicester,4:44,Ray Mon Dough,Hector Crouch,Oliver Cole,0.16611111111111113,13.0,3.0,6.0,Class 4,4,1-626,4.166666666666667,Active,Good To Firm,0m6f0y,0.0,0.24,0.5650000000000001,1.0,24.0,24.423940857773104,24.29675860044117,0.26143216644596684,0.6751507661811271,3.83,0.09,0.21,26.1,67.5
Leicester,4:44,Art Lover,Cieren Fallon,William Haggas,0.13684210526315788,52.0,3.0,6.0,Class 4,4,2187-2,6.25,Active,Good To Firm,0m6f0y,0.0,0.16,0.65,0.8237986270022881,16.0,23.000620129182803,20.90043409042796,0.22488784836601655,0.5947532664052365,4.45,0.41,0.38,22.5,59.5
Leicester,4:44,Evening Blues,Ben Robinson,Stephen Hanlon,0.0,1.0,3.0,6.0,Class 4,4,2-5720,8.333333333333334,Active,Good To Firm,0m6f0y,0.0,0.12,0.565,0.0,12.0,8.817588871975591,9.772312210382914,0.10514969483626475,0.3313293286397825,9.51,-0.12,-0.06,10.5,33.1
Leicester,4:44,Sea Cookie,Neil Callan,Tom Clover,0.15346153846153845,21.0,3.0,6.0,Class 4,4,22-110,10.416666666666666,Active,Good To Firm,0m6f0y,0.0,0.096,0.7749999999999999,0.9238487265243117,9.6,26.51283119676226,21.43898183773358,0.230682600934787,0.6075017220565314,4.33,1.4,1.04,23.1,60.8
Leicester,4:44,Nuevo Slovo,Paddy Bradley,Simon Pearce,0.0,1.0,3.0,6.0,Class 4,4,167-00,12.5,Active,Good To Firm,0m6f0y,0.0,0.08,0.49000000000000005,0.0,8.0,7.647112473040781,7.752978731128547,0.08342174606170043,0.28352784133574094,11.99,0.04,0.1,8.3,28.4
Leicester,4:44,Percy's Star,Silvestre De Sousa,Chris Dwyer,0.0,2.0,3.0,6.0,Class 4,4,52416,14.583333333333336,Active,Good To Firm,0m6f0y,0.0,0.06857142857142856,0.615,0.0,6.857142857142856,9.597906471265468,8.775677387028683,0.09442594335526436,0.30773707538158157,10.59,0.38,0.35,9.4,30.8
Leicester,5:19,Pisanello,Conor Whiteley(5),David O'Meara,0.11916666666666667,55.0,9.0,10.0,Class 6,6,756111,4.166666666666667,Active,Good To Firm,1m2f0y,0.0,0.24,0.9400000000000001,0.5958333333333333,24.0,19.791666666666668,21.054166666666667,0.22654200483685855,0.5983924106410888,4.41,-0.06,0.07,22.7,59.8
Leicester,5:19,Ricardo Phillips,Nicola Currie,Henry Candy,0.2,5.0,5.0,10.0,Class 6,6,193-32,6.25,Active,Good To Firm,1m2f0y,0.0,0.16,0.7250000000000001,1.0,16.0,22.22938144329897,20.36056701030928,0.2190788998280942,0.5819735796218073,4.56,0.37,0.35,21.9,58.2
Leicester,5:19,Kameel,Oliver Stammers,Jessica Macey,0.0,2.0,4.0,10.0,Class 6,6,952444,8.333333333333334,Active,Good To Firm,1m2f0y,0.0,0.12,0.43500000000000005,0.0,12.0,5.605670103092784,7.523969072164949,0.08095761114294554,0.27810674451448025,12.35,-0.33,-0.21,8.1,27.8
Leicester,5:19,Hachiman,James Sullivan,Ruth Carr,0.16666666666666669,25.0,4.0,10.0,Class 6,6,839035,10.416666666666666,Active,Good To Firm,1m2f0y,0.0,0.096,0.535,0.8333333333333334,9.6,17.633161512027495,15.223213058419248,0.1638011734642996,0.46036258162145915,6.1,0.71,0.54,16.4,46.0
Leicester,5:19,Clipsham Noble,Liam Wright(5),Charlie Clover,0.16916666666666666,7.0,4.0,10.0,Class 6,6,541461,12.5,Active,Good To Firm,1m2f0y,0.0,0.08,0.7000000000000001,0.8458333333333332,8.0,19.920532646048112,16.34437285223368,0.17586480872730534,0.48690257920007174,5.69,1.2,0.89,17.6,48.7
Leicester,5:19,Read All About It,Lewis Edmunds,William Muir & Chris Grassick,0.12,20.0,4.0,10.0,Class 6,6,0-0380,14.583333333333336,Active,Good To Firm,1m2f0y,0.0,0.06857142857142856,0.55,0.6,6.857142857142856,14.81958762886598,12.430854197349042,0.13375550200049696,0.3942621044010933,7.48,0.95,0.73,13.4,39.4
